Player,Pos,Squad,Age,MP,Starts,Min,90s,Gls,Ast,G+A,G-PK,PK,PKatt,CrdY,CrdR,xG,npxG,xAG,npxG+xAG,Gls/90,Ast/90,G+A/90,G-PK/90,xG/90,xAG/90,npxG/90,npxG+xAG/90,Weekly Wages,Annual Wages
Aaron Cresswell,"DF,FW",West Ham,33,11,4,436.0,4.8,0,0,0,0,0,0,1,0,0.0,0.0,0.4,0.4,0.00,0.00,0.00,0.00,0.00,0.09,0.00,0.09,50000,2600000
Aaron Hickey,DF,Brentford,21,9,9,713.0,7.9,0,0,0,0,0,0,5,0,0.2,0.2,0.1,0.3,0.00,0.00,0.00,0.00,0.03,0.01,0.03,0.04,30000,1560000
Aaron Ramsdale,GK,Arsenal,25,6,6,540.0,6.0,0,0,0,0,0,0,0,0,0.0,0.0,0.0,0.0,0.00,0.00,0.00,0.00,0.00,0.00,0.00,0.00,120000,6240000
Aaron Ramsey,"MF,FW",Burnley,20,14,5,527.0,5.9,0,0,0,0,0,0,1,0,0.3,0.3,0.4,0.7,0.00,0.00,0.00,0.00,0.06,0.07,0.06,0.13,25000,1300000
Aaron Wan-Bissaka,DF,Manchester Utd,25,22,20,1780.0,19.8,0,2,2,0,0,0,4,0,0.1,0.1,1.5,1.6,0.00,0.10,0.10,0.00,0.01,0.08,0.01,0.08,90000,4680000
Abdoulaye Doucouré,"FW,MF",Everton,30,32,32,2629.0,29.2,7,1,8,7,0,0,7,0,8.8,8.8,2.9,11.6,0.24,0.03,0.27,0.24,0.30,0.10,0.30,0.40,130000,6760000
Adam Lallana,"MF,FW",Brighton,35,25,13,850.0,9.4,0,1,1,0,0,0,2,0,0.8,0.8,1.7,2.5,0.00,0.11,0.11,0.00,0.09,0.18,0.09,0.27,90000,4680000
Adam Smith,DF,Bournemouth,32,28,25,2150.0,23.9,0,2,2,0,0,0,6,0,0.1,0.1,1.3,1.4,0.00,0.08,0.08,0.00,0.00,0.05,0.00,0.06,35000,1820000
Adam Webster,DF,Brighton,28,15,13,1144.0,12.7,0,0,0,0,0,0,2,0,0.4,0.4,0.1,0.6,0.00,0.00,0.00,0.00,0.03,0.01,0.03,0.05,55000,2860000
Adam Wharton,MF,Crystal Palace,19,16,15,1297.0,14.4,0,3,3,0,0,0,2,0,0.3,0.3,2.4,2.8,0.00,0.21,0.21,0.00,0.02,0.17,0.02,0.19,35000,1820000
Adama Traoré,"FW,MF",Fulham,27,17,1,377.0,4.2,2,3,5,2,0,0,2,0,1.5,1.5,0.7,2.2,0.48,0.72,1.19,0.48,0.36,0.17,0.36,0.53,65000,3380000
Albert Sambi Lokonga,MF,Luton Town,23,17,16,1303.0,14.5,1,3,4,1,0,0,4,0,0.6,0.6,1.4,2.0,0.07,0.21,0.28,0.07,0.04,0.10,0.04,0.14,50000,2600000
Alejandro Garnacho,FW,Manchester Utd,19,36,30,2565.0,28.5,7,4,11,7,0,0,4,0,8.4,8.3,5.1,13.4,0.25,0.14,0.39,0.25,0.29,0.18,0.29,0.47,50000,2600000
Alejo Véliz,FW,Tottenham,19,8,0,50.0,0.6,1,0,1,1,0,0,1,0,0.2,0.2,0.0,0.2,1.80,0.00,1.80,1.80,0.45,0.00,0.45,0.45,25000,1300000
Aleksandar Mitrović,FW,Fulham,28,1,0,33.0,0.4,0,0,0,0,0,0,0,0,0.2,0.2,0.0,0.2,0.00,0.00,0.00,0.00,0.44,0.00,0.44,0.44,,
Alex Iwobi,MF,Everton,27,2,2,140.0,1.6,0,0,0,0,0,0,0,0,0.3,0.3,0.2,0.5,0.00,0.00,0.00,0.00,0.21,0.14,0.21,0.35,80000,4160000
Alex Iwobi,"FW,MF",Fulham,27,30,25,2192.0,24.4,5,2,7,5,0,0,2,0,5.3,5.3,4.7,10.0,0.21,0.08,0.29,0.21,0.22,0.19,0.22,0.41,80000,4160000
Alex Matos,MF,Chelsea,18,1,0,1.0,0.0,0,0,0,0,0,0,0,0,0.0,0.0,0.0,0.0,0.00,0.00,0.00,0.00,0.00,0.00,0.00,0.00,,
Alex Murphy,"DF,FW",Newcastle Utd,19,2,0,13.0,0.1,0,0,0,0,0,0,0,0,0.0,0.0,0.0,0.0,0.00,0.00,0.00,0.00,0.00,0.00,0.00,0.00,,
Alex Scott,MF,Bournemouth,19,23,11,1014.0,11.3,1,1,2,1,0,0,3,0,0.7,0.7,1.7,2.4,0.09,0.09,0.18,0.09,0.06,0.15,0.06,0.22,40000,2080000
Alexander Isak,FW,Newcastle Utd,23,30,27,2255.0,25.1,21,2,23,16,5,6,1,0,20.3,15.6,3.7,19.3,0.84,0.08,0.92,0.64,0.81,0.15,0.62,0.77,120000,6240000
Alexis Mac Allister,MF,Liverpool,24,33,31,2599.0,28.9,5,5,10,4,1,1,7,1,3.7,2.9,3.6,6.4,0.17,0.17,0.35,0.14,0.13,0.12,0.10,0.22,150000,7800000
Alfie Doughty,DF,Luton Town,23,37,34,2925.0,32.5,2,8,10,2,0,0,5,0,1.3,1.3,6.3,7.6,0.06,0.25,0.31,0.06,0.04,0.19,0.04,0.23,7500,390000
Alfie Gilchrist,DF,Chelsea,19,11,2,207.0,2.3,1,0,1,1,0,0,1,0,0.3,0.3,0.0,0.3,0.43,0.00,0.43,0.43,0.14,0.00,0.14,0.14,,
Alisson,GK,Liverpool,30,28,28,2520.0,28.0,0,0,0,0,0,0,1,0,0.0,0.0,0.0,0.0,0.00,0.00,0.00,0.00,0.00,0.00,0.00,0.00,150000,7800000
Alphonse Areola,GK,West Ham,30,31,31,2699.0,30.0,0,0,0,0,0,0,1,0,0.0,0.0,0.0,0.0,0.00,0.00,0.00,0.00,0.00,0.00,0.00,0.00,120000,6240000
Amad Diallo,"FW,MF",Manchester Utd,21,9,3,390.0,4.3,1,1,2,1,0,0,1,0,0.5,0.5,1.1,1.6,0.23,0.23,0.46,0.23,0.12,0.24,0.12,0.36,28846,1500000
Amadou Diallo,MF,Newcastle Utd,20,1,0,1.0,0.0,0,0,0,0,0,0,0,0,0.0,0.0,0.0,0.0,0.00,0.00,0.00,0.00,0.00,0.00,0.00,0.00,,
Amadou Onana,MF,Everton,21,30,23,2091.0,23.2,2,0,2,2,0,0,5,0,2.0,2.0,2.7,4.7,0.09,0.00,0.09,0.09,0.09,0.11,0.09,0.20,100000,5200000
Amari'i Bell,DF,Luton Town,29,21,21,1720.0,19.1,0,0,0,0,0,0,0,0,0.3,0.3,0.5,0.7,0.00,0.00,0.00,0.00,0.01,0.02,0.01,0.04,10000,520000
Ameen Al-Dakhil,DF,Burnley,21,13,12,1056.0,11.7,1,0,1,1,0,0,1,0,1.3,1.3,0.1,1.4,0.09,0.00,0.09,0.09,0.11,0.01,0.11,0.12,15000,780000
Anass Zaroury,"FW,MF",Burnley,22,6,1,152.0,1.7,0,0,0,0,0,0,0,1,0.2,0.2,0.0,0.2,0.00,0.00,0.00,0.00,0.10,0.02,0.10,0.12,15000,780000
Andre Brooks,"MF,DF",Sheffield Utd,19,20,12,938.0,10.4,0,0,0,0,0,0,1,0,0.4,0.4,0.1,0.5,0.00,0.00,0.00,0.00,0.04,0.01,0.04,0.05,15000,780000
Andreas Pereira,MF,Fulham,27,37,34,2613.0,29.0,3,7,10,3,0,0,6,0,4.6,4.6,7.1,11.7,0.10,0.24,0.34,0.10,0.16,0.24,0.16,0.40,50000,2600000
Andrew Omobamidele,DF,Nott'ham Forest,21,11,8,783.0,8.7,0,0,0,0,0,0,2,0,0.1,0.1,0.1,0.2,0.00,0.00,0.00,0.00,0.02,0.01,0.02,0.03,35000,1820000
Andrew Robertson,DF,Liverpool,29,23,18,1693.0,18.8,3,2,5,3,0,0,2,0,1.9,1.9,5.4,7.3,0.16,0.11,0.27,0.16,0.10,0.29,0.10,0.39,100000,5200000
Andrey Santos,MF,Nott'ham Forest,19,1,0,8.0,0.1,0,0,0,0,0,0,0,0,0.1,0.1,0.0,0.1,0.00,0.00,0.00,0.00,0.64,0.00,0.64,0.64,,
Andros Townsend,"MF,FW",Luton Town,32,27,14,1210.0,13.4,1,3,4,1,0,0,1,0,1.2,1.2,1.3,2.5,0.07,0.22,0.30,0.07,0.09,0.10,0.09,0.19,12500,650000
André Gomes,"MF,FW",Everton,30,12,3,508.0,5.6,1,0,1,1,0,0,4,0,0.3,0.3,0.4,0.7,0.18,0.00,0.18,0.18,0.05,0.07,0.05,0.13,112308,5840000
André Onana,GK,Manchester Utd,27,38,38,3420.0,38.0,0,0,0,0,0,0,5,0,0.0,0.0,0.1,0.1,0.00,0.00,0.00,0.00,0.00,0.00,0.00,0.00,120000,6240000
Anel Ahmedhodžić,DF,Sheffield Utd,24,31,29,2649.0,29.4,2,0,2,2,0,0,11,1,3.1,3.1,0.8,4.0,0.07,0.00,0.07,0.07,0.11,0.03,0.11,0.14,30000,1560000
Angelo Ogbonna,DF,West Ham,35,11,7,635.0,7.1,0,0,0,0,0,0,1,0,0.0,0.0,0.0,0.0,0.00,0.00,0.00,0.00,0.01,0.00,0.01,0.01,70000,3640000
Anis Ben Slimane,MF,Sheffield Utd,22,15,4,419.0,4.7,0,0,0,0,0,0,2,0,0.8,0.8,0.3,1.1,0.00,0.00,0.00,0.00,0.17,0.06,0.17,0.23,,
Ansu Fati,"MF,FW",Brighton,20,19,3,521.0,5.8,2,0,2,2,0,0,2,0,3.4,3.4,0.8,4.2,0.35,0.00,0.35,0.35,0.59,0.14,0.59,0.73,160000,8320000
Anthony Elanga,"FW,MF",Nott'ham Forest,21,36,25,2433.0,27.0,5,9,14,5,0,0,1,0,6.6,6.6,6.7,13.3,0.18,0.33,0.52,0.18,0.24,0.25,0.24,0.49,25000,1300000
Anthony Gordon,FW,Newcastle Utd,22,35,34,2890.0,32.1,11,10,21,10,1,1,12,1,10.2,9.4,8.0,17.4,0.34,0.31,0.65,0.31,0.32,0.25,0.29,0.54,60000,3120000
Anthony Martial,FW,Manchester Utd,27,13,5,448.0,5.0,1,0,1,1,0,0,0,0,1.2,1.2,0.2,1.5,0.20,0.00,0.20,0.20,0.25,0.05,0.25,0.29,250000,13000000
Antoine Semenyo,FW,Bournemouth,23,33,25,2105.0,23.4,8,2,10,8,0,0,6,0,4.6,4.6,3.2,7.8,0.34,0.09,0.43,0.34,0.20,0.14,0.20,0.34,20000,1040000
Antonee Robinson,DF,Fulham,25,37,37,3265.0,36.3,0,6,6,0,0,0,6,0,0.7,0.7,4.2,4.8,0.00,0.17,0.17,0.00,0.02,0.11,0.02,0.13,50000,2600000
Antony,FW,Manchester Utd,23,29,15,1324.0,14.7,1,1,2,1,0,0,5,0,3.4,3.4,2.8,6.1,0.07,0.07,0.14,0.07,0.23,0.19,0.23,0.42,200000,10400000
Antwoine Hackford,FW,Sheffield Utd,19,2,0,13.0,0.1,0,0,0,0,0,0,0,0,0.0,0.0,0.0,0.0,0.00,0.00,0.00,0.00,0.00,0.00,0.00,0.00,,
Arijanet Muric,GK,Burnley,24,10,10,900.0,10.0,0,0,0,0,0,0,0,0,0.0,0.0,0.2,0.2,0.00,0.00,0.00,0.00,0.00,0.02,0.00,0.02,25000,1300000
Armando Broja,FW,Chelsea,21,13,6,454.0,5.0,1,0,1,1,0,0,0,0,2.4,2.4,0.2,2.5,0.20,0.00,0.20,0.20,0.47,0.03,0.47,0.50,40000,2080000
Armando Broja,FW,Fulham,21,8,0,88.0,1.0,0,1,1,0,0,0,0,0,0.0,0.0,0.4,0.4,0.00,1.02,1.02,0.00,0.00,0.41,0.00,0.41,40000,2080000
Arnaut Danjuma,"MF,FW",Everton,26,14,5,595.0,6.6,1,0,1,1,0,0,0,0,2.6,2.6,1.1,3.7,0.15,0.00,0.15,0.15,0.40,0.17,0.40,0.57,52500,2730000
Ashley Young,"DF,MF",Everton,38,31,27,2280.0,25.3,0,0,0,0,0,0,7,1,0.6,0.6,1.5,2.1,0.00,0.00,0.00,0.00,0.02,0.06,0.02,0.08,40000,2080000
Auston Trusty,DF,Sheffield Utd,24,32,28,2572.0,28.6,0,0,0,0,0,0,4,0,0.4,0.4,1.1,1.5,0.00,0.00,0.00,0.00,0.01,0.04,0.01,0.05,25000,1300000
Axel Disasi,DF,Chelsea,25,31,29,2579.0,28.7,2,0,2,2,0,0,6,0,2.4,2.4,0.3,2.7,0.07,0.00,0.07,0.07,0.08,0.01,0.08,0.09,80000,4160000
Aymeric Laporte,DF,Manchester City,29,1,0,12.0,0.1,0,0,0,0,0,0,0,0,0.0,0.0,0.0,0.0,0.00,0.00,0.00,0.00,0.27,0.00,0.27,0.27,,
Bart Verbruggen,GK,Brighton,20,21,21,1890.0,21.0,0,0,0,0,0,0,3,0,0.0,0.0,0.0,0.0,0.00,0.00,0.00,0.00,0.00,0.00,0.00,0.00,35000,1820000
Ben Brereton,"FW,MF",Sheffield Utd,24,14,14,1105.0,12.3,6,1,7,5,1,1,3,0,6.1,5.3,1.5,6.7,0.49,0.08,0.57,0.41,0.49,0.12,0.43,0.55,35000,1820000
Ben Chilwell,DF,Chelsea,26,13,9,756.0,8.4,0,1,1,0,0,0,5,0,1.2,1.2,2.2,3.4,0.00,0.12,0.12,0.00,0.14,0.26,0.14,0.41,200000,10400000
Ben Davies,DF,Tottenham,30,17,12,1090.0,12.1,1,0,1,1,0,0,2,0,2.3,2.3,0.4,2.7,0.08,0.00,0.08,0.08,0.19,0.03,0.19,0.23,80000,4160000
Ben Doak,FW,Liverpool,17,1,0,14.0,0.2,0,0,0,0,0,0,0,0,0.0,0.0,0.0,0.0,0.00,0.00,0.00,0.00,0.00,0.00,0.00,0.00,15000,780000
Ben Godfrey,DF,Everton,25,15,13,1120.0,12.4,0,0,0,0,0,0,2,0,1.7,1.7,0.3,2.0,0.00,0.00,0.00,0.00,0.14,0.02,0.14,0.16,75000,3900000
Ben Johnson,"DF,FW",West Ham,23,14,4,544.0,6.0,0,0,0,0,0,0,1,0,0.2,0.2,0.0,0.2,0.00,0.00,0.00,0.00,0.03,0.00,0.03,0.03,20000,1040000
Ben Mee,DF,Brentford,33,16,15,1272.0,14.1,2,0,2,2,0,0,1,1,1.5,1.5,0.3,1.8,0.14,0.00,0.14,0.14,0.10,0.02,0.10,0.13,55000,2860000
Ben Osborn,"DF,MF",Sheffield Utd,28,24,14,1367.0,15.2,0,2,2,0,0,0,3,0,0.2,0.2,0.9,1.1,0.00,0.13,0.13,0.00,0.01,0.06,0.01,0.07,20000,1040000
Ben Parkinson,FW,Newcastle Utd,18,1,0,25.0,0.3,0,0,0,0,0,0,0,0,0.0,0.0,0.0,0.0,0.00,0.00,0.00,0.00,0.00,0.00,0.00,0.00,,
Ben White,DF,Arsenal,25,37,35,2988.0,33.2,4,4,8,4,0,0,8,0,1.2,1.2,3.8,5.0,0.12,0.12,0.24,0.12,0.03,0.11,0.03,0.15,120000,6240000
Benicio Boaitey,"FW,DF",Brighton,19,5,0,40.0,0.4,0,0,0,0,0,0,1,0,0.0,0.0,0.1,0.1,0.00,0.00,0.00,0.00,0.05,0.13,0.05,0.19,,
Benoît Badiashile,DF,Chelsea,22,18,15,1338.0,14.9,0,1,1,0,0,0,3,0,0.3,0.3,1.5,1.8,0.00,0.07,0.07,0.00,0.02,0.10,0.02,0.12,90000,4680000
Benson Manuel,"MF,FW",Burnley,26,8,1,116.0,1.3,0,0,0,0,0,0,0,0,0.1,0.1,0.0,0.1,0.00,0.00,0.00,0.00,0.05,0.03,0.05,0.08,25000,1300000
Bernardo Silva,"MF,FW",Manchester City,28,33,29,2578.0,28.6,6,9,15,6,0,0,8,0,3.7,3.7,7.6,11.3,0.21,0.31,0.52,0.21,0.13,0.27,0.13,0.40,300000,15600000
Bernd Leno,GK,Fulham,31,38,38,3420.0,38.0,0,0,0,0,0,0,3,0,0.0,0.0,0.0,0.0,0.00,0.00,0.00,0.00,0.00,0.00,0.00,0.00,130000,6760000
Bertrand Traoré,"DF,FW",Aston Villa,27,2,0,11.0,0.1,0,0,0,0,0,0,0,0,0.0,0.0,0.0,0.0,0.00,0.00,0.00,0.00,0.00,0.00,0.00,0.00,77885,4050000
Beto,FW,Everton,25,30,9,951.0,10.6,3,0,3,3,0,1,2,0,6.8,6.0,0.9,6.9,0.28,0.00,0.28,0.28,0.64,0.09,0.57,0.66,50000,2600000
Billy Gilmour,MF,Brighton,22,30,24,2120.0,23.6,0,1,1,0,0,0,8,1,1.0,1.0,2.0,3.0,0.00,0.04,0.04,0.00,0.04,0.09,0.04,0.13,20000,1040000
Bobby Clark,MF,Liverpool,18,5,1,89.0,1.0,0,0,0,0,0,0,0,0,0.1,0.1,0.0,0.1,0.00,0.00,0.00,0.00,0.14,0.00,0.14,0.14,,
Bobby Reid,FW,Fulham,30,33,17,1423.0,15.8,6,2,8,6,0,0,4,0,4.6,4.6,1.8,6.4,0.38,0.13,0.51,0.38,0.28,0.11,0.28,0.40,35000,1820000
Boubacar Kamara,MF,Aston Villa,23,20,20,1652.0,18.4,0,1,1,0,0,0,7,1,0.1,0.1,1.3,1.4,0.00,0.05,0.05,0.00,0.01,0.07,0.01,0.08,150000,7800000
Boubacar Traoré,MF,Wolves,21,24,7,819.0,9.1,0,0,0,0,0,0,4,0,0.3,0.3,0.4,0.7,0.00,0.00,0.00,0.00,0.03,0.04,0.03,0.07,55000,2860000
Brandon Aguilera,FW,Nott'ham Forest,20,1,0,5.0,0.1,0,0,0,0,0,0,0,0,0.0,0.0,0.0,0.0,0.00,0.00,0.00,0.00,0.00,0.00,0.00,0.00,10000,520000
Brennan Johnson,FW,Tottenham,22,32,23,2085.0,23.2,5,10,15,5,0,0,3,0,10.3,10.3,8.1,18.3,0.22,0.43,0.65,0.22,0.44,0.35,0.44,0.79,70000,3640000
Brennan Johnson,"FW,MF",Nott'ham Forest,22,3,3,237.0,2.6,0,0,0,0,0,0,0,0,0.3,0.3,0.2,0.5,0.00,0.00,0.00,0.00,0.12,0.08,0.12,0.21,70000,3640000
Bruno Fernandes,"MF,FW",Manchester Utd,28,35,35,3118.0,34.6,10,8,18,6,4,5,9,0,10.0,6.1,11.8,17.8,0.29,0.23,0.52,0.17,0.29,0.34,0.18,0.51,240000,12480000
Bruno Guimarães,MF,Newcastle Utd,25,37,37,3263.0,36.3,7,8,15,7,0,0,9,0,4.8,4.8,6.4,11.2,0.19,0.22,0.41,0.19,0.13,0.18,0.13,0.31,160000,8320000
Bryan Gil,"FW,MF",Tottenham,22,11,2,209.0,2.3,0,0,0,0,0,0,0,0,0.8,0.8,0.2,1.0,0.00,0.00,0.00,0.00,0.32,0.09,0.32,0.41,40000,2080000
Bryan Mbeumo,FW,Brentford,23,25,22,1960.0,21.8,9,6,15,6,3,3,2,0,9.8,7.4,4.6,12.1,0.41,0.28,0.69,0.28,0.45,0.21,0.34,0.55,45000,2340000
Bukayo Saka,FW,Arsenal,21,35,35,2919.0,32.4,16,9,25,10,6,6,4,0,15.5,10.8,10.5,21.2,0.49,0.28,0.77,0.31,0.48,0.32,0.33,0.65,195000,10140000
Bénie Traoré,"FW,MF",Sheffield Utd,20,8,3,387.0,4.3,0,0,0,0,0,0,0,0,0.3,0.3,0.5,0.8,0.00,0.00,0.00,0.00,0.06,0.13,0.06,0.19,10000,520000
Callum Hudson-Odoi,"FW,MF",Nott'ham Forest,22,29,20,1854.0,20.6,8,1,9,8,0,0,0,0,2.7,2.7,2.8,5.5,0.39,0.05,0.44,0.39,0.13,0.14,0.13,0.27,80000,4160000
Callum Wilson,FW,Newcastle Utd,31,20,9,991.0,11.0,9,1,10,7,2,2,3,0,8.8,7.2,0.6,7.8,0.82,0.09,0.91,0.64,0.80,0.05,0.65,0.71,46000,2392000
Calum Chambers,"MF,DF",Aston Villa,28,5,1,152.0,1.7,0,1,1,0,0,0,1,0,0.0,0.0,0.1,0.1,0.00,0.59,0.59,0.00,0.00,0.06,0.00,0.06,50000,2600000
Calvin Bassey,DF,Fulham,23,29,25,2303.0,25.6,1,0,1,1,0,0,6,1,0.3,0.3,0.0,0.4,0.04,0.00,0.04,0.04,0.01,0.00,0.01,0.01,45000,2340000
Cameron Archer,"FW,MF",Sheffield Utd,22,29,21,1832.0,20.4,4,1,5,4,0,0,1,0,5.5,5.5,2.8,8.3,0.20,0.05,0.25,0.20,0.27,0.14,0.27,0.41,30000,1560000
Cameron Archer,MF,Aston Villa,22,1,0,6.0,0.1,0,0,0,0,0,0,1,0,0.0,0.0,0.0,0.0,0.00,0.00,0.00,0.00,0.00,0.00,0.00,0.00,30000,1560000
Caoimhín Kelleher,GK,Liverpool,24,10,10,900.0,10.0,0,0,0,0,0,0,0,0,0.0,0.0,0.0,0.0,0.00,0.00,0.00,0.00,0.00,0.00,0.00,0.00,10000,520000
Carlos Baleba,MF,Brighton,19,27,15,1325.0,14.7,0,0,0,0,0,0,7,0,0.8,0.8,0.3,1.1,0.00,0.00,0.00,0.00,0.06,0.02,0.06,0.08,12500,650000
Carlos Vinícius,FW,Fulham,28,13,2,315.0,3.5,2,0,2,2,0,0,2,0,1.6,1.6,0.8,2.4,0.57,0.00,0.57,0.57,0.46,0.23,0.46,0.69,40000,2080000
Carlton Morris,"FW,MF",Luton Town,27,38,32,2862.0,31.8,11,4,15,6,5,5,4,0,11.4,7.5,2.8,10.2,0.35,0.13,0.47,0.19,0.36,0.09,0.23,0.32,10000,520000
Carney Chukwuemeka,"MF,FW",Chelsea,19,9,2,227.0,2.5,1,1,2,1,0,0,2,0,0.2,0.2,0.3,0.5,0.40,0.40,0.79,0.40,0.06,0.13,0.06,0.19,100000,5200000
Casemiro,"MF,DF",Manchester Utd,31,25,24,1982.0,22.0,1,2,3,1,0,0,7,0,3.5,3.5,1.0,4.5,0.05,0.09,0.14,0.05,0.16,0.05,0.16,0.20,350000,18200000
Cauley Woodrow,"FW,MF",Luton Town,28,24,2,427.0,4.7,1,1,2,1,0,0,2,0,1.4,1.4,1.2,2.6,0.21,0.21,0.42,0.21,0.30,0.25,0.30,0.55,20000,1040000
Cesare Casadei,"FW,MF",Chelsea,20,11,0,79.0,0.9,0,0,0,0,0,0,0,0,0.0,0.0,0.1,0.1,0.00,0.00,0.00,0.00,0.00,0.12,0.00,0.12,7500,390000
Charlie Taylor,DF,Burnley,29,28,25,2331.0,25.9,1,1,2,1,0,0,8,0,0.2,0.2,1.2,1.5,0.04,0.04,0.08,0.04,0.01,0.05,0.01,0.06,30000,1560000
Cheick Doucouré,MF,Crystal Palace,23,11,11,919.0,10.2,0,0,0,0,0,0,2,0,0.3,0.3,0.7,1.0,0.00,0.00,0.00,0.00,0.03,0.07,0.03,0.10,60000,3120000
Cheikhou Kouyaté,MF,Nott'ham Forest,33,12,2,212.0,2.4,0,0,0,0,0,0,2,0,0.3,0.3,0.0,0.3,0.00,0.00,0.00,0.00,0.12,0.02,0.12,0.14,45000,2340000
Chiedozie Ogbene,"MF,DF",Luton Town,26,30,20,1995.0,22.2,4,1,5,4,0,0,1,0,4.2,4.2,3.1,7.4,0.18,0.05,0.23,0.18,0.19,0.14,0.19,0.33,15000,780000
Chris Basham,"DF,MF",Sheffield Utd,35,8,3,321.0,3.6,0,0,0,0,0,0,1,0,0.1,0.1,0.3,0.4,0.00,0.00,0.00,0.00,0.04,0.07,0.04,0.10,15000,780000
Chris Mepham,DF,Bournemouth,25,10,6,617.0,6.9,0,1,1,0,0,0,2,0,0.1,0.1,0.4,0.5,0.00,0.15,0.15,0.00,0.01,0.06,0.01,0.07,35000,1820000
Chris Richards,"DF,MF",Crystal Palace,23,26,23,2094.0,23.3,1,1,2,1,0,0,3,0,0.6,0.6,0.4,1.0,0.04,0.04,0.09,0.04,0.03,0.02,0.03,0.04,55000,2860000
Chris Wood,FW,Nott'ham Forest,31,31,20,1812.0,20.1,14,1,15,14,0,0,0,0,11.9,11.9,2.1,14.0,0.70,0.05,0.75,0.70,0.59,0.10,0.59,0.69,80000,4160000
Christian Eriksen,MF,Manchester Utd,31,22,12,1141.0,12.7,1,2,3,1,0,0,1,0,1.0,1.0,2.3,3.3,0.08,0.16,0.24,0.08,0.08,0.18,0.08,0.26,150000,7800000
Christian Nørgaard,MF,Brentford,29,31,30,2505.0,27.8,2,1,3,2,0,0,8,0,3.5,3.5,1.9,5.4,0.07,0.04,0.11,0.07,0.12,0.07,0.12,0.19,35000,1820000
Christopher Nkunku,"FW,MF",Chelsea,25,11,2,443.0,4.9,3,0,3,3,0,0,0,0,2.3,2.3,0.2,2.5,0.61,0.00,0.61,0.61,0.47,0.05,0.47,0.52,195000,10140000
Clément Lenglet,DF,Aston Villa,28,14,14,1153.0,12.8,0,1,1,0,0,0,3,0,0.9,0.9,0.8,1.6,0.00,0.08,0.08,0.00,0.07,0.06,0.07,0.13,150000,7800000
Cody Gakpo,"FW,MF",Liverpool,24,35,17,1649.0,18.3,8,5,13,8,0,0,1,0,9.0,9.0,2.9,11.8,0.44,0.27,0.71,0.44,0.49,0.16,0.49,0.64,120000,6240000
Cole Palmer,MF,Manchester City,21,1,0,11.0,0.1,0,0,0,0,0,0,0,0,0.0,0.0,0.0,0.0,0.00,0.00,0.00,0.00,0.00,0.00,0.00,0.00,75000,3900000
Cole Palmer,"FW,MF",Chelsea,21,33,29,2607.0,29.0,22,11,33,13,9,9,7,0,18.2,11.1,11.1,22.2,0.76,0.38,1.14,0.45,0.63,0.38,0.38,0.77,75000,3900000
Connor Roberts,DF,Burnley,27,14,8,823.0,9.1,0,1,1,0,0,0,5,1,0.0,0.0,0.2,0.2,0.00,0.11,0.11,0.00,0.00,0.02,0.00,0.02,30000,1560000
Conor Bradley,DF,Liverpool,20,11,10,753.0,8.4,1,3,4,1,0,0,2,0,0.9,0.9,1.5,2.3,0.12,0.36,0.48,0.12,0.10,0.17,0.10,0.28,10000,520000
Conor Gallagher,MF,Chelsea,23,37,37,3128.0,34.8,5,7,12,5,0,0,9,1,4.2,4.2,5.0,9.2,0.14,0.20,0.35,0.14,0.12,0.15,0.12,0.27,50000,2600000
Craig Dawson,DF,Wolves,33,25,25,2209.0,24.5,1,1,2,1,0,0,7,0,1.5,1.5,1.4,2.9,0.04,0.04,0.08,0.04,0.06,0.06,0.06,0.12,45000,2340000
Cristian Romero,DF,Tottenham,25,33,33,2790.0,31.0,5,0,5,5,0,0,7,1,3.5,3.5,0.4,3.9,0.16,0.00,0.16,0.16,0.11,0.01,0.11,0.13,165000,8580000
Curtis Jones,MF,Liverpool,22,23,14,1167.0,13.0,1,1,2,1,0,0,3,1,2.6,2.6,0.7,3.3,0.08,0.08,0.15,0.08,0.20,0.05,0.20,0.25,15000,780000
Cédric Soares,DF,Arsenal,31,3,0,62.0,0.7,0,0,0,0,0,0,0,0,0.0,0.0,0.0,0.0,0.00,0.00,0.00,0.00,0.00,0.00,0.00,0.00,75000,3900000
Daiki Hashioka,DF,Luton Town,24,10,6,595.0,6.6,0,0,0,0,0,0,0,0,0.1,0.1,0.7,0.8,0.00,0.00,0.00,0.00,0.02,0.10,0.02,0.12,15000,780000
Dan Burn,DF,Newcastle Utd,31,33,32,2726.0,30.3,2,2,4,2,0,0,4,0,3.1,3.1,1.1,4.2,0.07,0.07,0.13,0.07,0.10,0.04,0.10,0.14,55000,2860000
Dane Scarlett,FW,Tottenham,19,4,0,22.0,0.2,0,0,0,0,0,0,0,0,0.0,0.0,0.0,0.0,0.00,0.00,0.00,0.00,0.00,0.00,0.00,0.00,,
Dango Ouattara,"FW,DF",Bournemouth,21,30,12,1229.0,13.7,1,2,3,1,0,0,3,0,2.6,2.6,1.5,4.1,0.07,0.15,0.22,0.07,0.19,0.11,0.19,0.30,35000,1820000
Daniel Bentley,GK,Wolves,30,5,3,383.0,4.3,0,0,0,0,0,0,0,0,0.0,0.0,0.0,0.0,0.00,0.00,0.00,0.00,0.00,0.00,0.00,0.00,10000,520000
Daniel Gore,MF,Manchester Utd,18,1,0,1.0,0.0,0,0,0,0,0,0,0,0,0.0,0.0,0.0,0.0,0.00,0.00,0.00,0.00,0.00,0.00,0.00,0.00,,
Daniel Jebbison,FW,Sheffield Utd,19,1,0,21.0,0.2,0,0,0,0,0,0,0,0,0.0,0.0,0.0,0.0,0.00,0.00,0.00,0.00,0.00,0.00,0.00,0.00,4000,208000
Daniel Muñoz,"DF,MF",Crystal Palace,27,16,16,1439.0,16.0,0,4,4,0,0,0,4,0,1.2,1.2,2.4,3.7,0.00,0.25,0.25,0.00,0.08,0.15,0.08,0.23,45000,2340000
Danilo,MF,Nott'ham Forest,22,29,20,1792.0,19.9,2,2,4,2,0,0,4,0,1.8,1.8,1.5,3.4,0.10,0.10,0.20,0.10,0.09,0.08,0.09,0.17,30000,1560000
Danny Ings,FW,West Ham,31,20,3,404.0,4.5,1,0,1,1,0,0,1,0,1.3,1.3,0.3,1.5,0.22,0.00,0.22,0.22,0.28,0.06,0.28,0.34,125000,6500000
Danny Welbeck,"FW,MF",Brighton,32,29,21,1693.0,18.8,5,1,6,5,0,0,4,0,5.3,5.3,1.7,7.0,0.27,0.05,0.32,0.27,0.28,0.09,0.28,0.37,55000,2860000
Dara O'Shea,DF,Burnley,24,33,32,2892.0,32.1,3,4,7,3,0,0,5,1,0.7,0.7,2.0,2.7,0.09,0.12,0.22,0.09,0.02,0.06,0.02,0.08,20000,1040000
Darwin Núñez,FW,Liverpool,24,36,22,2047.0,22.7,11,8,19,11,0,1,9,0,16.3,15.5,6.0,21.5,0.48,0.35,0.84,0.48,0.72,0.27,0.68,0.95,140000,7280000
David Brooks,"FW,MF",Bournemouth,26,13,2,282.0,3.1,1,1,2,1,0,0,1,0,2.2,2.2,1.0,3.2,0.32,0.32,0.64,0.32,0.70,0.33,0.70,1.03,50000,2600000
David Datro Fofana,FW,Burnley,20,15,10,879.0,9.8,4,1,5,4,0,0,1,0,4.5,4.5,1.8,6.4,0.41,0.10,0.51,0.41,0.46,0.19,0.46,0.65,30000,1560000
David Ozoh,"MF,DF",Crystal Palace,18,9,0,156.0,1.7,0,0,0,0,0,0,1,0,0.0,0.0,0.0,0.0,0.00,0.00,0.00,0.00,0.00,0.00,0.00,0.00,,
David Raya,GK,Arsenal,27,32,32,2880.0,32.0,0,0,0,0,0,0,2,0,0.0,0.0,0.0,0.0,0.00,0.00,0.00,0.00,0.00,0.00,0.00,0.00,85000,4420000
Davinson Sánchez,DF,Tottenham,27,1,0,77.0,0.9,0,0,0,0,0,0,1,0,0.1,0.1,0.0,0.1,0.00,0.00,0.00,0.00,0.14,0.00,0.14,0.14,,
Dean Henderson,GK,Crystal Palace,26,18,18,1620.0,18.0,0,0,0,0,0,0,2,0,0.0,0.0,0.0,0.0,0.00,0.00,0.00,0.00,0.00,0.00,0.00,0.00,100000,5200000
Declan Rice,MF,Arsenal,24,38,37,3225.0,35.8,7,8,15,7,0,0,5,0,3.3,3.3,5.3,8.6,0.20,0.22,0.42,0.20,0.09,0.15,0.09,0.24,240000,12480000
Deivid Washington,"DF,FW",Chelsea,18,2,0,13.0,0.1,0,0,0,0,0,0,0,0,0.5,0.5,0.0,0.5,0.00,0.00,0.00,0.00,3.23,0.00,3.23,3.23,40000,2080000
Dejan Kulusevski,"FW,MF",Tottenham,23,36,31,2762.0,30.7,8,3,11,8,0,0,7,0,4.7,4.7,7.7,12.4,0.26,0.10,0.36,0.26,0.15,0.25,0.15,0.40,110000,5720000
Destiny Udogie,DF,Tottenham,20,28,28,2391.0,26.6,2,3,5,2,0,0,7,1,2.4,2.4,2.2,4.6,0.08,0.11,0.19,0.08,0.09,0.08,0.09,0.17,75000,3900000
Diego Carlos,DF,Aston Villa,30,27,20,1816.0,20.2,0,0,0,0,0,0,4,0,1.9,1.9,0.1,2.0,0.00,0.00,0.00,0.00,0.10,0.00,0.10,0.10,100000,5200000
Diogo Dalot,DF,Manchester Utd,24,36,35,3174.0,35.3,2,3,5,2,0,0,6,1,1.7,1.7,2.9,4.6,0.06,0.09,0.14,0.06,0.05,0.08,0.05,0.13,85000,4420000
Diogo Jota,FW,Liverpool,26,21,14,1145.0,12.7,10,3,13,10,0,0,3,1,5.3,5.3,3.3,8.6,0.79,0.24,1.02,0.79,0.42,0.26,0.42,0.68,140000,7280000
Divin Mubama,FW,West Ham,18,5,0,80.0,0.9,0,0,0,0,0,0,0,0,0.1,0.1,0.0,0.1,0.00,0.00,0.00,0.00,0.17,0.00,0.17,0.17,4000,208000
Divock Origi,FW,Nott'ham Forest,28,20,6,606.0,6.7,0,1,1,0,0,0,1,0,1.4,1.4,2.1,3.5,0.00,0.15,0.15,0.00,0.21,0.31,0.21,0.51,120000,6240000
Dominic Calvert-Lewin,FW,Everton,26,32,26,2171.0,24.1,7,2,9,5,2,2,2,0,12.9,11.4,3.1,14.5,0.29,0.08,0.37,0.21,0.54,0.13,0.47,0.60,100000,5200000
Dominic Sadi,FW,Bournemouth,19,1,0,1.0,0.0,0,0,0,0,0,0,0,0,0.0,0.0,0.0,0.0,0.00,0.00,0.00,0.00,0.00,0.00,0.00,0.00,,
Dominic Solanke,FW,Bournemouth,25,38,37,3325.0,36.9,19,3,22,17,2,3,3,0,19.6,17.2,3.0,20.3,0.51,0.08,0.60,0.46,0.53,0.08,0.47,0.55,70000,3640000
Dominik Szoboszlai,MF,Liverpool,22,33,25,2104.0,23.4,3,2,5,3,0,0,1,0,3.7,3.7,5.8,9.5,0.13,0.09,0.21,0.13,0.16,0.25,0.16,0.40,120000,6240000
Donny van de Beek,DF,Manchester Utd,26,1,0,3.0,0.0,0,0,0,0,0,0,0,0,0.0,0.0,0.1,0.2,0.00,0.00,0.00,0.00,1.09,4.44,1.09,5.54,90000,4680000
Douglas Luiz,MF,Aston Villa,25,35,35,2993.0,33.3,9,5,14,5,4,4,12,0,6.9,3.8,5.4,9.2,0.27,0.15,0.42,0.15,0.21,0.16,0.11,0.28,75000,3900000
Dwight McNeil,"MF,FW",Everton,23,35,33,2892.0,32.1,3,6,9,3,0,0,2,0,3.4,3.4,8.8,12.2,0.09,0.19,0.28,0.09,0.11,0.27,0.11,0.38,25000,1300000
Eberechi Eze,"MF,FW",Crystal Palace,25,27,24,2055.0,22.8,11,4,15,10,1,1,3,0,9.1,8.3,5.2,13.5,0.48,0.18,0.66,0.44,0.40,0.23,0.36,0.59,100000,5200000
Eddie Nketiah,FW,Arsenal,24,27,10,1082.0,12.0,5,2,7,5,0,0,3,0,4.5,4.5,0.8,5.4,0.42,0.17,0.58,0.42,0.38,0.07,0.38,0.45,100000,5200000
Ederson,GK,Manchester City,29,33,33,2785.0,30.9,0,0,0,0,0,0,5,0,0.0,0.0,0.1,0.1,0.00,0.00,0.00,0.00,0.00,0.00,0.00,0.00,100000,5200000
Edson Álvarez,MF,West Ham,25,31,28,2377.0,26.4,1,1,2,1,0,0,11,0,1.3,1.3,0.6,1.9,0.04,0.04,0.08,0.04,0.05,0.02,0.05,0.07,100000,5200000
Elijah Adebayo,FW,Luton Town,25,27,16,1419.0,15.8,10,0,10,10,0,0,1,0,5.9,5.9,0.7,6.6,0.63,0.00,0.63,0.63,0.37,0.04,0.37,0.42,12500,650000
Elliot Anderson,"MF,FW",Newcastle Utd,20,21,10,1027.0,11.4,0,2,2,0,0,0,3,0,1.5,1.5,1.9,3.5,0.00,0.18,0.18,0.00,0.13,0.17,0.13,0.30,30000,1560000
Emerson,DF,Tottenham,24,22,11,1161.0,12.9,1,0,1,1,0,0,4,0,0.2,0.2,0.4,0.6,0.08,0.00,0.08,0.08,0.02,0.03,0.02,0.05,40000,2080000
Emerson Palmieri,DF,West Ham,28,36,35,3137.0,34.9,1,2,3,1,0,0,10,0,1.5,1.5,2.4,3.9,0.03,0.06,0.09,0.03,0.04,0.07,0.04,0.11,95000,4940000
Emil Krafth,DF,Newcastle Utd,28,17,8,913.0,10.1,0,0,0,0,0,0,2,0,0.2,0.2,1.0,1.2,0.00,0.00,0.00,0.00,0.02,0.10,0.02,0.12,55000,2860000
Emile Smith Rowe,MF,Arsenal,23,13,3,353.0,3.9,0,1,1,0,0,0,0,0,2.0,2.0,0.2,2.2,0.00,0.25,0.25,0.00,0.50,0.06,0.50,0.56,40000,2080000
Emiliano Martínez,GK,Aston Villa,30,34,34,3015.0,33.5,0,0,0,0,0,0,4,0,0.0,0.0,0.0,0.0,0.00,0.00,0.00,0.00,0.00,0.00,0.00,0.00,120000,6240000
Enes Ünal,"FW,MF",Bournemouth,26,16,2,328.0,3.6,2,2,4,2,0,0,1,0,2.9,2.9,1.0,3.9,0.55,0.55,1.10,0.55,0.80,0.28,0.80,1.07,15000,780000
Enso Gonzalez,"MF,DF",Wolves,18,1,0,1.0,0.0,0,0,0,0,0,0,0,0,0.0,0.0,0.0,0.0,0.00,0.00,0.00,0.00,0.00,0.00,0.00,0.00,,
Enzo Fernández,MF,Chelsea,22,28,26,2209.0,24.5,3,2,5,2,1,2,7,0,6.2,4.6,3.4,8.0,0.12,0.08,0.20,0.08,0.25,0.14,0.19,0.33,180000,9360000
Eric Dier,DF,Tottenham,29,4,1,201.0,2.2,0,0,0,0,0,0,0,0,0.0,0.0,0.0,0.0,0.00,0.00,0.00,0.00,0.00,0.00,0.00,0.00,85000,4420000
Erling Haaland,FW,Manchester City,23,31,29,2552.0,28.4,27,5,32,20,7,8,1,0,29.2,22.9,4.3,27.2,0.95,0.18,1.13,0.71,1.03,0.15,0.81,0.96,375000,19500000
Ethan Nwaneri,FW,Arsenal,16,1,0,14.0,0.2,0,0,0,0,0,0,0,0,0.0,0.0,0.0,0.0,0.00,0.00,0.00,0.00,0.00,0.15,0.00,0.15,,
Ethan Pinnock,DF,Brentford,30,29,28,2521.0,28.0,2,0,2,2,0,0,1,0,2.0,2.0,1.0,3.0,0.07,0.00,0.07,0.07,0.07,0.04,0.07,0.11,30000,1560000
Ethan Wheatley,FW,Manchester Utd,17,3,0,16.0,0.2,0,0,0,0,0,0,0,0,0.0,0.0,0.0,0.0,0.00,0.00,0.00,0.00,0.00,0.00,0.00,0.00,,
Evan Ferguson,FW,Brighton,18,27,15,1367.0,15.2,6,0,6,6,0,0,1,0,4.6,4.6,0.5,5.1,0.40,0.00,0.40,0.40,0.30,0.04,0.30,0.34,30000,1560000
Ezri Konsa,DF,Aston Villa,25,35,35,3069.0,34.1,1,0,1,1,0,0,5,0,2.5,2.5,0.5,3.0,0.03,0.00,0.03,0.03,0.07,0.02,0.07,0.09,75000,3900000
Fabian Schär,DF,Newcastle Utd,31,36,35,3054.0,33.9,4,1,5,4,0,0,5,0,2.5,2.5,0.7,3.3,0.12,0.03,0.15,0.12,0.07,0.02,0.07,0.10,40000,2080000
Fabio Vieira,"MF,FW",Arsenal,23,11,2,297.0,3.3,1,2,3,0,1,1,0,1,1.3,0.5,1.6,2.1,0.30,0.61,0.91,0.00,0.38,0.49,0.14,0.64,45000,2340000
Facundo Buonanotte,"FW,MF",Brighton,18,27,17,1364.0,15.2,3,1,4,3,0,0,7,0,2.4,2.4,1.8,4.2,0.20,0.07,0.26,0.20,0.16,0.12,0.16,0.28,15000,780000
Facundo Pellistri,"FW,MF",Manchester Utd,21,9,1,172.0,1.9,0,1,1,0,0,0,0,0,0.7,0.7,0.1,0.8,0.00,0.52,0.52,0.00,0.38,0.05,0.38,0.43,20000,1040000
Felipe,DF,Nott'ham Forest,34,7,4,375.0,4.2,0,0,0,0,0,0,4,0,0.1,0.1,0.1,0.2,0.00,0.00,0.00,0.00,0.03,0.01,0.03,0.04,80000,4160000
Finley Munroe,MF,Aston Villa,18,1,0,4.0,0.0,0,0,0,0,0,0,0,0,0.0,0.0,0.0,0.0,0.00,0.00,0.00,0.00,0.00,0.00,0.00,0.00,,
Fodé Ballo-Touré,"DF,MF",Fulham,26,6,0,71.0,0.8,0,0,0,0,0,0,1,0,0.0,0.0,0.0,0.0,0.00,0.00,0.00,0.00,0.00,0.00,0.00,0.00,32500,1690000
Frank Onyeka,MF,Brentford,25,26,11,1161.0,12.9,1,2,3,1,0,0,8,0,2.2,2.2,1.8,4.0,0.08,0.16,0.23,0.08,0.17,0.14,0.17,0.31,40000,2080000
Fred Onyedinma,"DF,MF",Luton Town,26,8,4,407.0,4.5,0,0,0,0,0,0,1,0,0.2,0.2,0.1,0.3,0.00,0.00,0.00,0.00,0.04,0.02,0.04,0.06,5577,290000
Fábio Silva,FW,Wolves,21,8,3,264.0,2.9,0,0,0,0,0,0,2,0,1.0,1.0,0.2,1.2,0.00,0.00,0.00,0.00,0.35,0.07,0.35,0.42,80000,4160000
Gabriel Jesus,FW,Arsenal,26,27,17,1478.0,16.4,4,5,9,4,0,0,6,0,6.3,6.3,3.8,10.1,0.24,0.30,0.55,0.24,0.39,0.23,0.39,0.62,265000,13780000
Gabriel Magalhães,DF,Arsenal,25,36,34,3044.0,33.8,4,0,4,4,0,0,4,0,4.3,4.3,0.7,5.0,0.12,0.00,0.12,0.12,0.13,0.02,0.13,0.15,100000,5200000
Gabriel Martinelli,FW,Arsenal,22,35,24,2019.0,22.4,6,4,10,6,0,0,1,0,6.8,6.8,6.1,12.9,0.27,0.18,0.45,0.27,0.31,0.27,0.31,0.58,180000,9360000
Gabriel Osho,DF,Luton Town,24,21,21,1846.0,20.5,2,0,2,2,0,0,3,0,1.1,1.1,0.1,1.2,0.10,0.00,0.10,0.10,0.05,0.01,0.05,0.06,10000,520000
George Baldock,DF,Sheffield Utd,30,13,11,969.0,10.8,0,1,1,0,0,0,4,0,0.0,0.0,0.8,0.8,0.00,0.09,0.09,0.00,0.00,0.07,0.00,0.08,10000,520000
George Earthy,FW,West Ham,18,3,0,34.0,0.4,1,0,1,1,0,0,0,0,0.3,0.3,0.0,0.3,2.65,0.00,2.65,2.65,0.82,0.00,0.82,0.82,,
Gio Reyna,"FW,MF",Nott'ham Forest,20,9,2,235.0,2.6,0,1,1,0,0,0,0,0,0.3,0.3,0.5,0.8,0.00,0.38,0.38,0.00,0.11,0.18,0.11,0.29,40000,2080000
Giovani Lo Celso,MF,Tottenham,27,22,4,506.0,5.6,2,2,4,2,0,0,2,0,0.6,0.6,1.9,2.5,0.36,0.36,0.71,0.36,0.10,0.34,0.10,0.45,70000,3640000
Gonzalo Montiel,DF,Nott'ham Forest,26,14,8,801.0,8.9,0,2,2,0,0,0,5,0,0.1,0.1,1.4,1.5,0.00,0.22,0.22,0.00,0.01,0.15,0.01,0.17,25000,1300000
Guglielmo Vicario,GK,Tottenham,26,38,38,3420.0,38.0,0,0,0,0,0,0,2,0,0.0,0.0,0.0,0.0,0.00,0.00,0.00,0.00,0.00,0.00,0.00,0.00,75000,3900000
Gustavo Hamer,MF,Sheffield Utd,26,36,34,2910.0,32.3,4,6,10,4,0,0,9,0,3.0,3.0,6.1,9.1,0.12,0.19,0.31,0.12,0.09,0.19,0.09,0.28,30000,1560000
Hamed Junior Traorè,MF,Bournemouth,23,3,0,47.0,0.5,0,0,0,0,0,0,0,0,0.2,0.2,0.0,0.2,0.00,0.00,0.00,0.00,0.34,0.07,0.34,0.41,45000,2340000
Han-Noah Massengo,"MF,DF",Burnley,22,3,0,16.0,0.2,0,0,0,0,0,0,0,0,0.0,0.0,0.0,0.0,0.00,0.00,0.00,0.00,0.00,0.00,0.00,0.00,15000,780000
Hannes Delcroix,DF,Burnley,24,12,5,589.0,6.5,0,0,0,0,0,0,2,0,0.4,0.4,0.2,0.6,0.00,0.00,0.00,0.00,0.05,0.03,0.05,0.09,15000,780000
Hannibal Mejbri,"MF,FW",Manchester Utd,20,5,1,133.0,1.5,1,0,1,1,0,0,1,0,0.0,0.0,0.4,0.4,0.68,0.00,0.68,0.68,0.02,0.25,0.02,0.27,,
Harrison Reed,MF,Fulham,28,27,15,1325.0,14.7,0,2,2,0,0,0,6,0,0.3,0.3,1.1,1.4,0.00,0.14,0.14,0.00,0.02,0.07,0.02,0.09,50000,2600000
Harry Maguire,DF,Manchester Utd,30,22,18,1653.0,18.4,2,2,4,2,0,0,4,0,2.0,2.0,1.2,3.3,0.11,0.11,0.22,0.11,0.11,0.07,0.11,0.18,190000,9880000
Harry Toffolo,DF,Nott'ham Forest,27,23,15,1459.0,16.2,1,3,4,1,0,0,3,0,1.6,1.6,1.5,3.2,0.06,0.19,0.25,0.06,0.10,0.10,0.10,0.20,35000,1820000
Harry Wilson,FW,Fulham,26,35,16,1620.0,18.0,4,6,10,4,0,0,6,0,3.4,3.4,3.5,6.8,0.22,0.33,0.56,0.22,0.19,0.19,0.19,0.38,35000,1820000
Harvey Barnes,"FW,MF",Newcastle Utd,25,21,7,802.0,8.9,5,3,8,5,0,0,2,0,3.6,3.6,3.2,6.8,0.56,0.34,0.90,0.56,0.40,0.36,0.40,0.76,80000,4160000
Harvey Elliott,"MF,FW",Liverpool,20,34,11,1352.0,15.0,3,6,9,3,0,0,2,0,2.7,2.7,3.5,6.2,0.20,0.40,0.60,0.20,0.18,0.23,0.18,0.42,40000,2080000
Hjalmar Ekdal,DF,Burnley,24,8,5,437.0,4.9,0,0,0,0,0,0,2,0,0.1,0.1,0.1,0.1,0.00,0.00,0.00,0.00,0.01,0.01,0.01,0.03,20000,1040000
Hugo Bueno,"DF,MF",Wolves,20,22,7,741.0,8.2,0,0,0,0,0,0,1,0,0.3,0.3,0.8,1.0,0.00,0.00,0.00,0.00,0.03,0.09,0.03,0.13,10000,520000
Hwang Hee-chan,"FW,MF",Wolves,27,29,25,2119.0,23.5,12,3,15,11,1,1,6,0,7.7,6.9,3.0,9.9,0.51,0.13,0.64,0.47,0.33,0.13,0.29,0.42,70000,3640000
Ian Maatsen,"FW,MF",Chelsea,21,12,1,209.0,2.3,0,0,0,0,0,0,1,0,0.8,0.8,0.1,0.9,0.00,0.00,0.00,0.00,0.35,0.04,0.35,0.39,20000,1040000
Ibrahim Sangaré,MF,Nott'ham Forest,25,17,13,1035.0,11.5,0,0,0,0,0,0,6,0,0.6,0.6,0.4,1.0,0.00,0.00,0.00,0.00,0.06,0.03,0.06,0.09,75000,3900000
Ibrahima Konaté,DF,Liverpool,24,22,17,1574.0,17.5,0,0,0,0,0,0,5,1,0.7,0.7,0.4,1.1,0.00,0.00,0.00,0.00,0.04,0.02,0.04,0.06,70000,3640000
Idrissa Gana Gueye,MF,Everton,33,25,24,1884.0,20.9,4,0,4,4,0,0,8,0,1.3,1.3,1.1,2.4,0.19,0.00,0.19,0.19,0.06,0.05,0.06,0.12,80000,4160000
Igor,DF,Brighton,25,24,17,1637.0,18.2,0,0,0,0,0,0,4,0,0.3,0.3,0.7,1.0,0.00,0.00,0.00,0.00,0.02,0.04,0.02,0.05,45000,2340000
Illia Zabarnyi,DF,Bournemouth,20,37,37,3330.0,37.0,1,0,1,1,0,0,5,0,1.1,1.1,0.4,1.5,0.03,0.00,0.03,0.03,0.03,0.01,0.03,0.04,,
Ionuț Radu,GK,Bournemouth,26,2,2,180.0,2.0,0,0,0,0,0,0,0,0,0.0,0.0,0.0,0.0,0.00,0.00,0.00,0.00,0.00,0.00,0.00,0.00,30000,1560000
Issa Diop,DF,Fulham,26,18,16,1424.0,15.8,0,0,0,0,0,0,4,1,0.3,0.3,0.0,0.3,0.00,0.00,0.00,0.00,0.02,0.00,0.02,0.02,70000,3640000
Issa Kaboré,DF,Luton Town,22,24,21,1729.0,19.2,0,2,2,0,0,0,7,0,0.2,0.2,2.1,2.3,0.00,0.10,0.10,0.00,0.01,0.11,0.01,0.12,20000,1040000
Ivan Perišić,FW,Tottenham,34,5,0,103.0,1.1,0,1,1,0,0,0,2,0,0.1,0.1,0.9,1.0,0.00,0.87,0.87,0.00,0.10,0.75,0.10,0.85,180000,9360000
Ivan Toney,FW,Brentford,27,17,16,1450.0,16.1,4,2,6,4,0,0,5,0,6.0,6.0,1.5,7.4,0.25,0.12,0.37,0.25,0.37,0.09,0.37,0.46,20000,1040000
Ivo Grbić,GK,Sheffield Utd,27,9,9,771.0,8.6,0,0,0,0,0,0,1,0,0.0,0.0,0.0,0.0,0.00,0.00,0.00,0.00,0.00,0.00,0.00,0.00,25000,1300000
Jack Cork,MF,Burnley,34,4,0,27.0,0.3,0,0,0,0,0,0,0,0,0.0,0.0,0.0,0.0,0.00,0.00,0.00,0.00,0.00,0.00,0.00,0.00,45000,2340000
Jack Grealish,"FW,MF",Manchester City,27,20,10,1009.0,11.2,3,1,4,3,0,0,6,0,2.1,2.1,2.5,4.6,0.27,0.09,0.36,0.27,0.19,0.22,0.19,0.41,300000,15600000
Jack Harrison,"MF,FW",Everton,26,29,25,2214.0,24.6,3,3,6,3,0,0,1,0,3.6,3.6,3.4,7.0,0.12,0.12,0.24,0.12,0.14,0.14,0.14,0.28,90000,4680000
Jack Hinshelwood,DF,Brighton,18,12,8,869.0,9.7,3,0,3,3,0,0,1,0,1.9,1.9,0.7,2.5,0.31,0.00,0.31,0.31,0.19,0.07,0.19,0.26,10000,520000
Jack Robinson,DF,Sheffield Utd,29,34,31,2885.0,32.1,1,1,2,1,0,0,10,0,1.2,1.2,1.2,2.4,0.03,0.03,0.06,0.03,0.04,0.04,0.04,0.08,25000,1300000
Jacob Brown,"MF,FW",Luton Town,25,19,12,1019.0,11.3,2,0,2,2,0,0,4,0,2.8,2.8,0.7,3.4,0.18,0.00,0.18,0.18,0.25,0.06,0.25,0.30,30000,1560000
Jacob Bruun Larsen,"MF,FW",Burnley,24,32,16,1249.0,13.9,6,0,6,5,1,1,1,0,5.0,4.2,1.5,5.7,0.43,0.00,0.43,0.36,0.36,0.10,0.30,0.41,35000,1820000
Jacob Murphy,"FW,DF",Newcastle Utd,28,21,14,1189.0,13.2,3,7,10,3,0,0,1,0,2.1,2.1,5.0,7.1,0.23,0.53,0.76,0.23,0.16,0.37,0.16,0.54,35000,1820000
Jacob Ramsey,"FW,MF",Aston Villa,22,16,8,853.0,9.5,1,1,2,1,0,0,2,0,2.2,2.2,1.0,3.2,0.11,0.11,0.21,0.11,0.23,0.11,0.23,0.34,70000,3640000
Jaden Philogene Bidace,FW,Aston Villa,21,1,0,4.0,0.0,0,0,0,0,0,0,0,0,0.0,0.0,0.0,0.0,0.00,0.00,0.00,0.00,0.00,0.00,0.00,0.00,,
Jadon Sancho,"FW,MF",Manchester Utd,23,3,0,79.0,0.9,0,0,0,0,0,0,0,0,0.0,0.0,0.1,0.1,0.00,0.00,0.00,0.00,0.00,0.06,0.00,0.06,250000,13000000
Jaidon Anthony,FW,Bournemouth,23,3,2,152.0,1.7,0,0,0,0,0,0,1,0,0.1,0.1,0.0,0.1,0.00,0.00,0.00,0.00,0.04,0.00,0.04,0.04,,
Jakub Kiwior,DF,Arsenal,23,20,11,946.0,10.5,1,3,4,1,0,0,1,0,0.8,0.8,0.9,1.7,0.10,0.29,0.38,0.10,0.08,0.09,0.08,0.16,58000,3016000
Jakub Moder,"MF,DF",Brighton,24,17,6,618.0,6.9,0,0,0,0,0,0,2,0,0.6,0.6,0.8,1.3,0.00,0.00,0.00,0.00,0.08,0.11,0.08,0.20,10000,520000
Jamaal Lascelles,DF,Newcastle Utd,29,16,13,1080.0,12.0,1,0,1,1,0,0,4,0,0.7,0.7,0.1,0.8,0.08,0.00,0.08,0.08,0.06,0.01,0.06,0.07,40000,2080000
James Garner,MF,Everton,22,37,34,3004.0,33.4,1,2,3,1,0,0,7,0,2.7,2.7,4.6,7.3,0.03,0.06,0.09,0.03,0.08,0.14,0.08,0.22,30000,1560000
James Hill,DF,Bournemouth,21,5,1,76.0,0.8,0,0,0,0,0,0,0,0,0.0,0.0,0.0,0.0,0.00,0.00,0.00,0.00,0.00,0.00,0.00,0.00,3000,156000
James Maddison,MF,Tottenham,26,28,26,2135.0,23.7,4,9,13,4,0,0,5,0,6.4,6.4,5.9,12.4,0.17,0.38,0.55,0.17,0.27,0.25,0.27,0.52,170000,8840000
James McConnell,MF,Liverpool,18,3,0,4.0,0.0,0,0,0,0,0,0,0,0,0.0,0.0,0.0,0.0,0.00,0.00,0.00,0.00,0.00,0.00,0.00,0.00,,
James Mcatee,MF,Manchester City,20,1,0,1.0,0.0,0,0,0,0,0,0,0,0,0.0,0.0,0.0,0.0,0.00,0.00,0.00,0.00,0.00,0.00,0.00,0.00,,
James Mcatee,"MF,FW",Sheffield Utd,20,30,20,1822.0,20.2,3,3,6,2,1,1,2,0,3.1,2.3,2.9,5.2,0.15,0.15,0.30,0.10,0.15,0.15,0.11,0.26,,
James Milner,"DF,MF",Brighton,37,15,11,773.0,8.6,0,2,2,0,0,0,3,0,0.3,0.3,1.8,2.0,0.00,0.23,0.23,0.00,0.03,0.21,0.03,0.24,60000,3120000
James Shea,GK,Luton Town,32,1,0,15.0,0.2,0,0,0,0,0,0,0,0,0.0,0.0,0.0,0.0,0.00,0.00,0.00,0.00,0.00,0.00,0.00,0.00,7500,390000
James Tarkowski,DF,Everton,30,38,38,3419.0,38.0,1,1,2,1,0,0,11,0,2.6,2.6,2.5,5.1,0.03,0.03,0.05,0.03,0.07,0.06,0.07,0.13,100000,5200000
James Tomkins,DF,Crystal Palace,34,4,0,10.0,0.1,0,0,0,0,0,0,0,0,0.0,0.0,0.0,0.0,0.00,0.00,0.00,0.00,0.00,0.00,0.00,0.00,50000,2600000
James Trafford,GK,Burnley,20,28,28,2520.0,28.0,0,0,0,0,0,0,2,0,0.0,0.0,0.0,0.0,0.00,0.00,0.00,0.00,0.00,0.00,0.00,0.00,25000,1300000
James Ward-Prowse,MF,West Ham,28,37,34,3001.0,33.3,7,7,14,5,2,2,4,0,6.0,4.4,7.8,12.3,0.21,0.21,0.42,0.15,0.18,0.23,0.13,0.37,115000,5980000
Jamie Donley,FW,Tottenham,18,3,0,3.0,0.0,0,0,0,0,0,0,1,0,0.0,0.0,0.0,0.0,0.00,0.00,0.00,0.00,0.00,0.00,0.00,0.00,,
Jan Paul van Hecke,DF,Brighton,23,28,26,2369.0,26.3,0,0,0,0,0,0,4,0,1.2,1.2,0.9,2.1,0.00,0.00,0.00,0.00,0.05,0.03,0.05,0.08,30000,1560000
Jarell Quansah,DF,Liverpool,20,17,13,1190.0,13.2,2,0,2,2,0,0,1,0,1.0,1.0,0.1,1.1,0.15,0.00,0.15,0.15,0.08,0.01,0.08,0.08,15000,780000
Jarrad Branthwaite,DF,Everton,21,35,35,3116.0,34.6,3,0,3,3,0,0,8,0,1.7,1.7,1.0,2.8,0.09,0.00,0.09,0.09,0.05,0.03,0.05,0.08,35000,1820000
Jarrod Bowen,FW,West Ham,26,34,34,3019.0,33.5,16,6,22,16,0,0,2,0,11.6,11.6,5.5,17.2,0.48,0.18,0.66,0.48,0.35,0.16,0.35,0.51,120000,6240000
Jason Steele,GK,Brighton,32,17,17,1530.0,17.0,0,0,0,0,0,0,0,0,0.0,0.0,0.0,0.0,0.00,0.00,0.00,0.00,0.00,0.00,0.00,0.00,20000,1040000
Jay Rodriguez,FW,Burnley,34,21,7,822.0,9.1,2,1,3,1,1,1,0,0,3.5,2.7,0.2,2.9,0.22,0.11,0.33,0.11,0.38,0.02,0.30,0.32,40000,2080000
Jayden Bogle,DF,Sheffield Utd,23,34,32,2788.0,31.0,3,0,3,3,0,0,9,0,2.3,2.3,1.0,3.3,0.10,0.00,0.10,0.10,0.07,0.03,0.07,0.11,20000,1040000
Jayden Danns,FW,Liverpool,17,2,0,9.0,0.1,0,0,0,0,0,0,1,0,0.0,0.0,0.0,0.0,0.00,0.00,0.00,0.00,0.00,0.00,0.00,0.00,,
Jaïro Riedewald,"MF,FW",Crystal Palace,26,9,2,235.0,2.6,0,0,0,0,0,0,0,0,0.0,0.0,0.0,0.0,0.00,0.00,0.00,0.00,0.01,0.00,0.01,0.01,55000,2860000
Jean-Philippe Mateta,FW,Crystal Palace,26,35,25,2282.0,25.4,16,5,21,14,2,2,3,0,10.9,9.4,3.1,12.5,0.63,0.20,0.83,0.55,0.43,0.12,0.37,0.49,50000,2600000
Jean-Ricner Bellegarde,"MF,FW",Wolves,25,22,10,958.0,10.6,2,1,3,2,0,0,0,1,1.6,1.6,1.0,2.5,0.19,0.09,0.28,0.19,0.15,0.09,0.15,0.24,35000,1820000
Jefferson Lerma,"MF,DF",Crystal Palace,28,28,27,2400.0,26.7,1,1,2,1,0,0,8,0,2.7,2.7,2.2,4.8,0.04,0.04,0.07,0.04,0.10,0.08,0.10,0.18,70000,3640000
Jeffrey Schlupp,"FW,MF",Crystal Palace,30,29,17,1352.0,15.0,2,2,4,2,0,0,1,0,1.8,1.8,2.3,4.1,0.13,0.13,0.27,0.13,0.12,0.15,0.12,0.27,50000,2600000
Jeremy Doku,"FW,MF",Manchester City,21,29,18,1595.0,17.7,3,8,11,3,0,0,3,0,2.5,2.5,4.6,7.1,0.17,0.45,0.62,0.17,0.14,0.26,0.14,0.40,50000,2600000
Jesurun Rak Sakyi,"MF,FW",Crystal Palace,20,6,0,136.0,1.5,0,0,0,0,0,0,0,0,0.4,0.4,0.2,0.6,0.00,0.00,0.00,0.00,0.28,0.10,0.28,0.38,,
Jimi Tauriainen,FW,Chelsea,19,1,0,1.0,0.0,0,0,0,0,0,0,0,0,0.0,0.0,0.0,0.0,0.00,0.00,0.00,0.00,0.00,0.00,0.00,0.00,,
Joachim Andersen,DF,Crystal Palace,27,38,38,3415.0,37.9,2,3,5,2,0,0,7,0,1.7,1.7,2.8,4.5,0.05,0.08,0.13,0.05,0.04,0.07,0.04,0.12,80000,4160000
Joe Gomez,DF,Liverpool,26,32,17,1786.0,19.8,0,1,1,0,0,0,5,0,0.8,0.8,1.3,2.1,0.00,0.05,0.05,0.00,0.04,0.07,0.04,0.10,85000,4420000
Joe Rothwell,MF,Bournemouth,28,11,3,386.0,4.3,0,0,0,0,0,0,0,0,0.1,0.1,0.2,0.3,0.00,0.00,0.00,0.00,0.02,0.06,0.02,0.08,8000,416000
Joe White,MF,Newcastle Utd,20,4,0,13.0,0.1,0,0,0,0,0,0,1,0,0.0,0.0,0.0,0.0,0.00,0.00,0.00,0.00,0.00,0.00,0.00,0.00,,
Joe Willock,MF,Newcastle Utd,23,9,5,419.0,4.7,1,0,1,1,0,0,0,0,0.8,0.8,0.6,1.4,0.21,0.00,0.21,0.21,0.17,0.12,0.17,0.30,80000,4160000
Joe Worrall,DF,Nott'ham Forest,26,7,5,439.0,4.9,0,0,0,0,0,0,0,1,0.1,0.1,0.2,0.3,0.00,0.00,0.00,0.00,0.02,0.04,0.02,0.06,50000,2600000
Joel Ward,DF,Crystal Palace,33,26,23,1980.0,22.0,0,1,1,0,0,0,4,0,0.9,0.9,0.2,1.1,0.00,0.05,0.05,0.00,0.04,0.01,0.04,0.05,35000,1820000
Joelinton,"MF,FW",Newcastle Utd,26,20,15,1279.0,14.2,2,1,3,2,0,0,6,0,3.1,3.1,2.8,5.9,0.14,0.07,0.21,0.14,0.22,0.20,0.22,0.41,85000,4420000
John Egan,DF,Sheffield Utd,30,6,6,482.0,5.4,0,0,0,0,0,0,2,0,0.2,0.2,0.0,0.2,0.00,0.00,0.00,0.00,0.03,0.00,0.03,0.03,12500,650000
John Fleck,"MF,DF",Sheffield Utd,31,4,1,92.0,1.0,0,0,0,0,0,0,1,0,0.0,0.0,0.4,0.4,0.00,0.00,0.00,0.00,0.00,0.44,0.00,0.44,25000,1300000
John McGinn,"MF,FW",Aston Villa,28,35,35,2999.0,33.3,6,4,10,6,0,0,9,1,5.0,5.0,4.6,9.6,0.18,0.12,0.30,0.18,0.15,0.14,0.15,0.29,120000,6240000
John Stones,"DF,MF",Manchester City,29,16,12,1064.0,11.8,1,0,1,1,0,0,2,0,1.0,1.0,0.2,1.3,0.08,0.00,0.08,0.08,0.09,0.02,0.09,0.11,250000,13000000
Jonny Castro,MF,Wolves,29,1,0,5.0,0.1,0,0,0,0,0,0,0,0,0.0,0.0,0.0,0.0,0.00,0.00,0.00,0.00,0.00,0.00,0.00,0.00,35000,1820000
Jonny Evans,DF,Manchester Utd,35,23,15,1392.0,15.5,0,1,1,0,0,0,2,0,0.1,0.1,1.2,1.2,0.00,0.06,0.06,0.00,0.00,0.08,0.00,0.08,65000,3380000
Jordan Ayew,"FW,MF",Crystal Palace,31,35,30,2543.0,28.3,4,7,11,4,0,0,9,1,3.9,3.9,4.2,8.1,0.14,0.25,0.39,0.14,0.14,0.15,0.14,0.29,25000,1300000
Jordan Beyer,DF,Burnley,23,15,15,1234.0,13.7,0,1,1,0,0,0,6,0,0.5,0.5,0.3,0.8,0.00,0.07,0.07,0.00,0.04,0.02,0.04,0.06,3000,156000
Jordan Clark,MF,Luton Town,29,23,14,1304.0,14.5,1,1,2,1,0,0,4,0,1.0,1.0,1.3,2.2,0.07,0.07,0.14,0.07,0.07,0.09,0.07,0.16,5000,260000
Jordan Pickford,GK,Everton,29,38,38,3420.0,38.0,0,0,0,0,0,0,5,0,0.0,0.0,0.1,0.1,0.00,0.00,0.00,0.00,0.00,0.00,0.00,0.00,125000,6500000
Jorginho,MF,Arsenal,31,24,10,921.0,10.2,0,2,2,0,0,0,1,0,0.1,0.1,1.4,1.5,0.00,0.20,0.20,0.00,0.01,0.13,0.01,0.14,110000,5720000
Joseph Johnson,DF,Luton Town,17,2,0,77.0,0.9,0,0,0,0,0,0,1,0,0.0,0.0,0.0,0.0,0.00,0.00,0.00,0.00,0.00,0.00,0.00,0.00,,
Josh Brownhill,MF,Burnley,27,33,23,2252.0,25.0,4,2,6,4,0,0,4,1,1.9,1.9,2.1,4.0,0.16,0.08,0.24,0.16,0.08,0.08,0.08,0.16,45000,2340000
Josh Cullen,MF,Burnley,27,25,23,2057.0,22.9,2,3,5,2,0,0,9,0,0.6,0.6,1.8,2.4,0.09,0.13,0.22,0.09,0.03,0.08,0.03,0.11,40000,2080000
Josh Dasilva,"DF,FW",Brentford,24,3,0,24.0,0.3,0,0,0,0,0,0,0,0,0.0,0.0,0.2,0.2,0.00,0.00,0.00,0.00,0.00,0.72,0.00,0.72,20000,1040000
Joshua Acheampong,DF,Chelsea,17,1,0,6.0,0.1,0,0,0,0,0,0,0,0,0.0,0.0,0.0,0.0,0.00,0.00,0.00,0.00,0.00,0.00,0.00,0.00,,
José Sá,GK,Wolves,30,35,35,3037.0,33.7,0,1,1,0,0,0,1,0,0.0,0.0,0.0,0.0,0.00,0.03,0.03,0.00,0.00,0.00,0.00,0.00,40000,2080000
João Gomes,MF,Wolves,22,34,32,2649.0,29.4,2,1,3,2,0,0,11,0,1.7,1.7,1.1,2.8,0.07,0.03,0.10,0.07,0.06,0.04,0.06,0.10,30000,1560000
João Palhinha,MF,Fulham,28,33,31,2699.0,30.0,4,1,5,4,0,0,13,0,3.3,3.3,0.8,4.1,0.13,0.03,0.17,0.13,0.11,0.03,0.11,0.14,80000,4160000
João Pedro,"FW,MF",Brighton,21,31,19,2045.0,22.7,9,3,12,5,4,5,2,0,11.9,7.9,3.8,11.7,0.40,0.13,0.53,0.22,0.53,0.17,0.35,0.51,50000,2600000
Joël Matip,DF,Liverpool,31,10,9,781.0,8.7,0,0,0,0,0,0,2,0,0.5,0.5,0.1,0.6,0.00,0.00,0.00,0.00,0.06,0.01,0.06,0.06,100000,5200000
Joël Veltman,DF,Brighton,31,27,17,1588.0,17.6,1,1,2,1,0,0,4,0,0.4,0.4,0.5,0.9,0.06,0.06,0.11,0.06,0.02,0.03,0.02,0.05,50000,2600000
Joško Gvardiol,DF,Manchester City,21,28,26,2328.0,25.9,4,1,5,4,0,0,3,0,3.1,3.1,1.4,4.5,0.15,0.04,0.19,0.15,0.12,0.06,0.12,0.18,200000,10400000
Julio Enciso,"MF,FW",Brighton,19,12,5,475.0,5.3,0,2,2,0,0,0,2,0,1.4,1.4,1.7,3.2,0.00,0.38,0.38,0.00,0.27,0.32,0.27,0.59,10000,520000
Julián Álvarez,"MF,FW",Manchester City,23,36,31,2647.0,29.4,11,8,19,9,2,2,2,0,13.0,11.5,6.4,17.9,0.37,0.27,0.65,0.31,0.44,0.22,0.39,0.61,100000,5200000
Jurriën Timber,DF,Arsenal,22,2,1,71.0,0.8,0,0,0,0,0,0,2,0,0.0,0.0,0.0,0.0,0.00,0.00,0.00,0.00,0.00,0.00,0.00,0.00,90000,4680000
Justin Kluivert,"MF,FW",Bournemouth,24,32,26,1916.0,21.3,7,1,8,7,0,0,5,0,6.2,6.2,1.9,8.1,0.33,0.05,0.38,0.33,0.29,0.09,0.29,0.38,80000,4160000
Jáder Durán,"FW,MF",Aston Villa,19,23,3,475.0,5.3,5,0,5,5,0,0,5,0,2.0,2.0,0.3,2.3,0.95,0.00,0.95,0.95,0.38,0.06,0.38,0.44,30000,1560000
Jóhann Berg Guðmundsson,"MF,FW",Burnley,32,26,12,1192.0,13.2,1,3,4,1,0,0,2,0,1.9,1.9,2.7,4.5,0.08,0.23,0.30,0.08,0.14,0.20,0.14,0.34,35000,1820000
Kaelan Casey,DF,West Ham,18,1,0,1.0,0.0,0,0,0,0,0,0,0,0,0.0,0.0,0.0,0.0,0.00,0.00,0.00,0.00,0.00,0.00,0.00,0.00,,
Kai Havertz,"MF,FW",Arsenal,24,37,30,2634.0,29.3,13,7,20,12,1,1,11,0,12.3,11.6,4.4,15.9,0.44,0.24,0.68,0.41,0.42,0.15,0.39,0.54,280000,14560000
Kaide Gordon,FW,Liverpool,18,1,0,1.0,0.0,0,0,0,0,0,0,0,0,0.0,0.0,0.0,0.0,0.00,0.00,0.00,0.00,0.00,0.00,0.00,0.00,,
Kaine Kesler-Hayden,"MF,DF",Aston Villa,20,3,0,6.0,0.1,0,0,0,0,0,0,0,0,0.0,0.0,0.0,0.0,0.00,0.00,0.00,0.00,0.00,0.00,0.00,0.00,,
Kalvin Phillips,MF,West Ham,27,8,3,309.0,3.4,0,0,0,0,0,0,3,1,0.1,0.1,0.0,0.1,0.00,0.00,0.00,0.00,0.02,0.00,0.02,0.02,150000,7800000
Kalvin Phillips,MF,Manchester City,27,4,0,93.0,1.0,0,0,0,0,0,0,0,0,0.1,0.1,0.0,0.1,0.00,0.00,0.00,0.00,0.07,0.00,0.07,0.07,150000,7800000
Kaoru Mitoma,FW,Brighton,26,19,15,1486.0,16.5,3,4,7,3,0,0,4,0,3.5,3.5,2.7,6.2,0.18,0.24,0.42,0.18,0.21,0.16,0.21,0.37,80000,4160000
Keane Lewis-Potter,"FW,DF",Brentford,22,30,15,1441.0,16.0,3,1,4,3,0,0,0,0,6.3,6.3,1.7,8.0,0.19,0.06,0.25,0.19,0.39,0.11,0.39,0.50,35000,1820000
Kenny Tete,DF,Fulham,27,14,10,867.0,9.6,1,0,1,1,0,0,2,0,0.9,0.9,0.4,1.2,0.10,0.00,0.10,0.10,0.09,0.04,0.09,0.13,50000,2600000
Kevin De Bruyne,MF,Manchester City,32,18,15,1221.0,13.6,4,10,14,4,0,0,2,0,2.4,2.4,11.5,14.0,0.29,0.74,1.03,0.29,0.18,0.85,0.18,1.03,400000,20800000
Kevin Schade,"FW,MF",Brentford,21,11,3,333.0,3.7,2,1,3,2,0,0,0,0,1.2,1.2,0.7,1.9,0.54,0.27,0.81,0.54,0.32,0.19,0.32,0.52,10000,520000
Kieffer Moore,"FW,MF",Bournemouth,30,8,0,108.0,1.2,1,0,1,1,0,0,0,0,1.5,1.5,0.2,1.7,0.83,0.00,0.83,0.83,1.23,0.20,1.23,1.44,15000,780000
Kieran Trippier,DF,Newcastle Utd,32,28,26,2236.0,24.8,1,10,11,1,0,0,5,0,0.7,0.7,7.5,8.2,0.04,0.40,0.44,0.04,0.03,0.30,0.03,0.33,120000,6240000
Kobbie Mainoo,MF,Manchester Utd,18,24,24,1924.0,21.4,3,1,4,3,0,0,3,0,0.9,0.9,0.7,1.6,0.14,0.05,0.19,0.14,0.04,0.03,0.04,0.07,10000,520000
Konstantinos Mavropanos,DF,West Ham,25,19,16,1500.0,16.7,1,0,1,1,0,0,2,0,1.2,1.2,0.2,1.4,0.06,0.00,0.06,0.06,0.07,0.01,0.07,0.08,50000,2600000
Kostas Tsimikas,DF,Liverpool,27,13,8,679.0,7.5,0,3,3,0,0,0,0,0,0.1,0.1,1.0,1.1,0.00,0.40,0.40,0.00,0.01,0.14,0.01,0.15,75000,3900000
Kristoffer Ajer,DF,Brentford,25,28,21,1832.0,20.4,2,1,3,2,0,0,5,0,1.3,1.3,2.3,3.6,0.10,0.05,0.15,0.10,0.06,0.11,0.06,0.18,40000,2080000
Kurt Zouma,DF,West Ham,28,33,32,2838.0,31.5,3,0,3,3,0,0,3,0,1.8,1.8,0.2,2.0,0.10,0.00,0.10,0.10,0.06,0.01,0.06,0.06,125000,6500000
Kyle Walker,DF,Manchester City,33,32,30,2767.0,30.7,0,4,4,0,0,0,2,0,0.4,0.4,2.6,3.0,0.00,0.13,0.13,0.00,0.01,0.09,0.01,0.10,175000,9100000
Leander Dendoncker,MF,Aston Villa,28,8,1,119.0,1.3,1,0,1,1,0,0,0,0,0.7,0.7,0.0,0.7,0.76,0.00,0.76,0.76,0.56,0.00,0.56,0.56,90000,4680000
Leandro Trossard,"FW,MF",Arsenal,28,34,18,1649.0,18.3,12,1,13,12,0,0,2,0,7.9,7.9,2.8,10.7,0.65,0.05,0.71,0.65,0.43,0.15,0.43,0.58,90000,4680000
Leon Bailey,"MF,FW",Aston Villa,25,35,22,2068.0,23.0,10,9,19,10,0,0,5,0,6.3,6.3,9.2,15.5,0.44,0.39,0.83,0.44,0.27,0.40,0.27,0.67,100000,5200000
Leon Chiwome,FW,Wolves,17,3,2,174.0,1.9,0,0,0,0,0,0,0,0,0.1,0.1,0.0,0.1,0.00,0.00,0.00,0.00,0.05,0.00,0.05,0.05,,
Lesley Ugochukwu,MF,Chelsea,19,12,3,301.0,3.3,0,0,0,0,0,0,2,0,0.0,0.0,0.1,0.1,0.00,0.00,0.00,0.00,0.00,0.03,0.00,0.03,45000,2340000
Levi Colwill,DF,Chelsea,20,23,20,1797.0,20.0,1,1,2,1,0,0,2,0,1.3,1.3,1.2,2.5,0.05,0.05,0.10,0.05,0.06,0.06,0.06,0.12,100000,5200000
Lewis Cook,MF,Bournemouth,26,33,32,2786.0,31.0,0,3,3,0,0,0,5,1,0.4,0.4,4.3,4.6,0.00,0.10,0.10,0.00,0.01,0.14,0.01,0.15,40000,2080000
Lewis Dobbin,MF,Everton,20,12,1,232.0,2.6,1,0,1,1,0,0,1,0,0.3,0.3,0.5,0.8,0.39,0.00,0.39,0.39,0.11,0.19,0.11,0.30,8000,416000
Lewis Dunk,DF,Brighton,31,33,33,2869.0,31.9,3,1,4,3,0,0,7,1,3.1,3.1,0.9,4.0,0.09,0.03,0.13,0.09,0.10,0.03,0.10,0.12,80000,4160000
Lewis Hall,DF,Newcastle Utd,18,18,8,781.0,8.7,1,0,1,1,0,0,2,0,0.3,0.3,0.3,0.6,0.12,0.00,0.12,0.12,0.04,0.03,0.04,0.07,7000,364000
Lewis Miley,MF,Newcastle Utd,17,17,14,1202.0,13.4,1,3,4,1,0,0,1,0,1.2,1.2,1.7,2.9,0.07,0.22,0.30,0.07,0.09,0.13,0.09,0.22,5000,260000
Lewis Warrington,FW,Everton,20,1,0,1.0,0.0,0,0,0,0,0,0,0,0,0.0,0.0,0.0,0.0,0.00,0.00,0.00,0.00,0.00,0.00,0.00,0.00,,
Lisandro Martínez,DF,Manchester Utd,25,11,8,646.0,7.2,0,1,1,0,0,0,3,0,0.0,0.0,0.1,0.1,0.00,0.14,0.14,0.00,0.00,0.01,0.00,0.01,120000,6240000
Lloyd Kelly,DF,Bournemouth,24,23,17,1559.0,17.3,0,1,1,0,0,0,2,0,0.3,0.3,1.2,1.6,0.00,0.06,0.06,0.00,0.02,0.07,0.02,0.09,30000,1560000
Lorenz Assignon,DF,Burnley,23,15,15,1234.0,13.7,1,2,3,1,0,0,5,1,0.4,0.4,2.6,3.0,0.07,0.15,0.22,0.07,0.03,0.19,0.03,0.22,10000,520000
Loris Karius,GK,Newcastle Utd,30,1,1,90.0,1.0,0,0,0,0,0,0,0,0,0.0,0.0,0.0,0.0,0.00,0.00,0.00,0.00,0.00,0.00,0.00,0.00,10000,520000
Luca Koleosho,"MF,FW",Burnley,18,15,13,974.0,10.8,1,1,2,1,0,0,0,0,2.0,2.0,1.3,3.3,0.09,0.09,0.18,0.09,0.18,0.12,0.18,0.30,10000,520000
Lucas Digne,DF,Aston Villa,30,33,27,2410.0,26.8,1,3,4,1,0,0,7,0,1.1,1.1,4.1,5.2,0.04,0.11,0.15,0.04,0.04,0.15,0.04,0.19,120000,6240000
Lucas Paquetá,"FW,MF",West Ham,25,31,31,2622.0,29.1,4,6,10,2,2,2,10,0,5.4,3.8,5.4,9.2,0.14,0.21,0.34,0.07,0.18,0.18,0.13,0.32,150000,7800000
Luis Díaz,FW,Liverpool,26,37,32,2629.0,29.2,8,5,13,8,0,0,3,0,11.9,11.9,5.7,17.5,0.27,0.17,0.45,0.27,0.41,0.19,0.41,0.60,55000,2860000
Luis Sinisterra,"FW,MF",Bournemouth,24,20,7,699.0,7.8,2,2,4,2,0,0,0,0,2.5,2.5,2.4,5.0,0.26,0.26,0.52,0.26,0.33,0.31,0.33,0.64,65000,3380000
Luke Berry,"MF,DF",Luton Town,31,17,2,323.0,3.6,2,1,3,2,0,0,1,0,1.0,1.0,0.3,1.3,0.56,0.28,0.84,0.56,0.28,0.07,0.28,0.35,10000,520000
Luke Harris,MF,Fulham,18,1,0,75.0,0.8,0,0,0,0,0,0,0,0,0.3,0.3,0.0,0.3,0.00,0.00,0.00,0.00,0.33,0.00,0.33,0.33,12500,650000
Luke Shaw,DF,Manchester Utd,28,12,12,959.0,10.7,0,0,0,0,0,0,6,0,0.0,0.0,1.0,1.0,0.00,0.00,0.00,0.00,0.00,0.09,0.00,0.10,150000,7800000
Luke Thomas,DF,Sheffield Utd,22,12,11,917.0,10.2,0,0,0,0,0,0,3,0,0.5,0.5,0.1,0.6,0.00,0.00,0.00,0.00,0.05,0.00,0.05,0.06,15000,780000
Lyle Foster,"FW,MF",Burnley,22,24,22,1899.0,21.1,5,3,8,5,0,0,0,1,4.5,4.5,1.9,6.4,0.24,0.14,0.38,0.24,0.21,0.09,0.21,0.30,32500,1690000
Mads Juel Andersen,DF,Luton Town,25,8,4,400.0,4.4,1,0,1,1,0,0,1,0,0.3,0.3,0.0,0.3,0.23,0.00,0.23,0.23,0.06,0.00,0.06,0.06,15000,780000
Mads Roerslev,DF,Brentford,24,34,22,1985.0,22.1,1,2,3,1,0,0,1,0,0.9,0.9,1.8,2.7,0.05,0.09,0.14,0.05,0.04,0.08,0.04,0.12,20000,1040000
Mahmoud Dahoud,MF,Brighton,27,9,6,452.0,5.0,0,1,1,0,0,0,1,1,0.2,0.2,0.9,1.1,0.00,0.20,0.20,0.00,0.04,0.18,0.04,0.22,55000,2860000
Malo Gusto,DF,Chelsea,20,27,19,1751.0,19.5,0,6,6,0,0,0,7,1,0.9,0.9,4.3,5.2,0.00,0.31,0.31,0.00,0.05,0.22,0.05,0.27,45000,2340000
Manor Solomon,FW,Tottenham,24,5,2,199.0,2.2,0,2,2,0,0,0,1,0,0.4,0.4,0.8,1.2,0.00,0.90,0.90,0.00,0.19,0.38,0.19,0.56,60000,3120000
Manuel Akanji,"DF,MF",Manchester City,28,30,28,2511.0,27.9,2,0,2,2,0,0,4,1,1.9,1.9,0.5,2.4,0.07,0.00,0.07,0.07,0.07,0.02,0.07,0.09,180000,9360000
Marc Cucurella,DF,Chelsea,25,21,20,1782.0,19.8,0,2,2,0,0,0,10,0,1.1,1.1,1.1,2.2,0.00,0.10,0.10,0.00,0.06,0.05,0.06,0.11,175000,9100000
Marc Guéhi,DF,Crystal Palace,23,25,23,2021.0,22.5,0,1,1,0,0,0,2,0,0.6,0.6,0.6,1.2,0.00,0.04,0.04,0.00,0.03,0.03,0.03,0.05,50000,2600000
Marcos Senesi,DF,Bournemouth,26,31,26,2242.0,24.9,4,5,9,4,0,0,13,0,2.0,2.0,1.7,3.7,0.16,0.20,0.36,0.16,0.08,0.07,0.08,0.15,50000,2600000
Marcus Rashford,FW,Manchester Utd,25,33,26,2271.0,25.2,7,2,9,5,2,2,2,0,7.4,5.8,2.3,8.1,0.28,0.08,0.36,0.20,0.29,0.09,0.23,0.32,300000,15600000
Marcus Tavernier,FW,Bournemouth,24,30,25,2118.0,23.5,3,4,7,3,0,0,3,0,3.9,3.9,5.2,9.1,0.13,0.17,0.30,0.13,0.17,0.22,0.17,0.39,35000,1820000
Mario Lemina,MF,Wolves,29,35,34,2968.0,33.0,4,1,5,4,0,0,12,1,4.6,4.6,1.5,6.2,0.12,0.03,0.15,0.12,0.14,0.05,0.14,0.19,45000,2340000
Mark Flekken,GK,Brentford,30,37,37,3285.0,36.5,0,1,1,0,0,0,3,0,0.0,0.0,0.5,0.5,0.00,0.03,0.03,0.00,0.00,0.01,0.00,0.01,30000,1560000
Mark O'Mahony,FW,Brighton,18,3,1,63.0,0.7,0,0,0,0,0,0,1,0,0.1,0.1,0.0,0.1,0.00,0.00,0.00,0.00,0.08,0.00,0.08,0.08,,
Mark Travers,GK,Bournemouth,24,4,4,360.0,4.0,0,0,0,0,0,0,0,0,0.0,0.0,0.0,0.0,0.00,0.00,0.00,0.00,0.00,0.00,0.00,0.00,20000,1040000
Martin Dúbravka,GK,Newcastle Utd,34,23,22,1985.0,22.1,0,0,0,0,0,0,1,0,0.0,0.0,0.1,0.1,0.00,0.00,0.00,0.00,0.00,0.00,0.00,0.00,40000,2080000
Martin Ødegaard,MF,Arsenal,24,35,35,3091.0,34.3,8,10,18,6,2,2,2,0,7.4,5.8,9.6,15.5,0.23,0.29,0.52,0.17,0.22,0.28,0.17,0.45,240000,12480000
Marvelous Nakamba,MF,Luton Town,29,13,13,1130.0,12.6,0,0,0,0,0,0,5,0,0.2,0.2,0.4,0.6,0.00,0.00,0.00,0.00,0.01,0.03,0.01,0.05,30000,1560000
Mason Burstow,FW,Chelsea,19,2,0,9.0,0.1,0,0,0,0,0,0,0,0,0.0,0.0,0.0,0.0,0.00,0.00,0.00,0.00,0.00,0.00,0.00,0.00,,
Mason Holgate,DF,Sheffield Utd,26,10,9,710.0,7.9,0,0,0,0,0,0,3,1,0.6,0.6,0.4,1.1,0.00,0.00,0.00,0.00,0.08,0.05,0.08,0.13,70000,3640000
Mason Mount,"MF,FW",Manchester Utd,24,14,5,516.0,5.7,1,0,1,1,0,0,2,0,0.4,0.4,0.3,0.7,0.17,0.00,0.17,0.17,0.07,0.06,0.07,0.13,250000,13000000
Mateo Kovačić,MF,Manchester City,29,30,16,1551.0,17.2,1,0,1,1,0,0,4,0,1.3,1.3,1.6,2.9,0.06,0.00,0.06,0.06,0.07,0.09,0.07,0.17,150000,7800000
Matheus Cunha,"FW,MF",Wolves,24,32,29,2440.0,27.1,12,7,19,11,1,1,9,0,9.5,8.7,3.2,11.9,0.44,0.26,0.70,0.41,0.35,0.12,0.32,0.44,60000,3120000
Matheus França,"MF,FW",Crystal Palace,19,10,1,232.0,2.6,0,1,1,0,0,0,1,0,0.4,0.4,0.9,1.2,0.00,0.39,0.39,0.00,0.14,0.34,0.14,0.48,40000,2080000
Matheus Nunes,MF,Wolves,24,2,2,179.0,2.0,0,0,0,0,0,0,2,1,0.1,0.1,0.1,0.2,0.00,0.00,0.00,0.00,0.04,0.05,0.04,0.09,130000,6760000
Matheus Nunes,MF,Manchester City,24,17,7,661.0,7.3,0,2,2,0,0,0,0,0,0.8,0.8,1.1,2.0,0.00,0.27,0.27,0.00,0.11,0.15,0.11,0.27,130000,6760000
Mathias Jensen,MF,Brentford,27,32,27,2204.0,24.5,3,3,6,3,0,0,5,0,0.7,0.7,4.0,4.7,0.12,0.12,0.25,0.12,0.03,0.16,0.03,0.19,50000,2600000
Mathias Jørgensen,DF,Brentford,33,14,12,1087.0,12.1,1,0,1,1,0,0,4,0,0.7,0.7,0.9,1.7,0.08,0.00,0.08,0.08,0.06,0.08,0.06,0.14,25000,1300000
Matt Doherty,"DF,MF",Wolves,31,30,9,1150.0,12.8,1,0,1,1,0,0,2,0,0.8,0.8,1.3,2.2,0.08,0.00,0.08,0.08,0.07,0.10,0.07,0.17,50000,2600000
Matt Ritchie,"FW,MF",Newcastle Utd,33,13,0,128.0,1.4,1,0,1,1,0,0,1,0,1.0,1.0,0.0,1.0,0.70,0.00,0.70,0.70,0.68,0.00,0.68,0.68,45000,2340000
Matt Targett,DF,Newcastle Utd,27,3,1,78.0,0.9,0,0,0,0,0,0,1,0,0.0,0.0,0.0,0.0,0.00,0.00,0.00,0.00,0.00,0.03,0.00,0.03,100000,5200000
Matt Turner,GK,Nott'ham Forest,29,17,17,1530.0,17.0,0,0,0,0,0,0,2,0,0.0,0.0,0.0,0.0,0.00,0.00,0.00,0.00,0.00,0.00,0.00,0.00,40000,2080000
Matty Cash,DF,Aston Villa,25,29,23,2142.0,23.8,2,2,4,2,0,0,8,0,4.2,4.2,2.3,6.5,0.08,0.08,0.17,0.08,0.18,0.10,0.18,0.27,80000,4160000
Matz Sels,GK,Nott'ham Forest,31,16,16,1440.0,16.0,0,0,0,0,0,0,1,0,0.0,0.0,0.1,0.1,0.00,0.00,0.00,0.00,0.00,0.00,0.00,0.00,35000,1820000
Max Aarons,DF,Bournemouth,23,20,13,1237.0,13.7,0,1,1,0,0,0,1,0,0.0,0.0,0.8,0.9,0.00,0.07,0.07,0.00,0.00,0.06,0.00,0.06,35000,1820000
Max Kilman,DF,Wolves,26,38,38,3420.0,38.0,2,0,2,2,0,0,7,0,1.8,1.8,1.4,3.2,0.05,0.00,0.05,0.05,0.05,0.04,0.05,0.08,50000,2600000
Max Lowe,"DF,MF",Sheffield Utd,26,10,4,503.0,5.6,0,0,0,0,0,0,1,0,0.6,0.6,0.7,1.3,0.00,0.00,0.00,0.00,0.10,0.13,0.10,0.23,10000,520000
Maxime Estève,DF,Burnley,21,16,15,1309.0,14.5,0,0,0,0,0,0,6,0,0.3,0.3,0.0,0.3,0.00,0.00,0.00,0.00,0.02,0.00,0.02,0.02,5000,260000
Maxwel Cornet,"MF,FW",West Ham,26,7,1,112.0,1.2,1,0,1,1,0,0,0,0,0.4,0.4,0.2,0.6,0.80,0.00,0.80,0.80,0.32,0.13,0.32,0.46,65000,3380000
Michael Keane,DF,Everton,30,9,4,439.0,4.9,1,0,1,1,0,0,2,0,0.7,0.7,0.0,0.7,0.21,0.00,0.21,0.21,0.14,0.00,0.14,0.14,80000,4160000
Michael Ndiweni,FW,Newcastle Utd,19,1,0,1.0,0.0,0,0,0,0,0,0,0,0,0.0,0.0,0.0,0.0,0.00,0.00,0.00,0.00,0.00,0.00,0.00,0.00,,
Michael Obafemi,"FW,MF",Burnley,23,2,0,20.0,0.2,0,0,0,0,0,0,0,0,0.1,0.1,0.0,0.1,0.00,0.00,0.00,0.00,0.40,0.00,0.40,0.40,15000,780000
Michael Olakigbe,"DF,FW",Brentford,19,8,0,59.0,0.7,0,0,0,0,0,0,0,0,0.1,0.1,0.0,0.1,0.00,0.00,0.00,0.00,0.18,0.00,0.18,0.18,,
Michael Olise,"FW,MF",Crystal Palace,21,19,14,1275.0,14.2,10,6,16,9,1,1,0,0,5.5,4.7,5.8,10.5,0.71,0.42,1.13,0.64,0.39,0.41,0.33,0.74,100000,5200000
Michail Antonio,FW,West Ham,33,26,21,1695.0,18.8,6,2,8,6,0,0,6,0,5.8,5.8,0.9,6.7,0.32,0.11,0.42,0.32,0.31,0.05,0.31,0.35,85000,4420000
Micky van de Ven,DF,Tottenham,22,27,27,2339.0,26.0,3,0,3,3,0,0,5,0,0.6,0.6,0.0,0.6,0.12,0.00,0.12,0.12,0.02,0.00,0.02,0.02,50000,2600000
Miguel Almirón,FW,Newcastle Utd,29,33,23,1937.0,21.5,3,1,4,3,0,0,2,0,4.5,4.5,2.6,7.2,0.14,0.05,0.19,0.14,0.21,0.12,0.21,0.33,60000,3120000
Mike Trésor,"FW,MF",Burnley,24,16,3,420.0,4.7,0,0,0,0,0,0,0,0,0.5,0.5,0.4,0.9,0.00,0.00,0.00,0.00,0.10,0.08,0.10,0.18,10000,520000
Mikey Moore,MF,Tottenham,15,2,0,4.0,0.0,0,0,0,0,0,0,0,0,0.0,0.0,0.0,0.0,0.00,0.00,0.00,0.00,0.00,0.00,0.00,0.00,,
Mikkel Damsgaard,MF,Brentford,23,23,7,842.0,9.4,0,2,2,0,0,0,2,0,0.9,0.9,1.4,2.4,0.00,0.21,0.21,0.00,0.10,0.16,0.10,0.25,30000,1560000
Milos Kerkez,DF,Bournemouth,19,28,22,1970.0,21.9,0,1,1,0,0,0,4,1,1.2,1.2,0.8,2.0,0.00,0.05,0.05,0.00,0.06,0.04,0.06,0.09,30000,1560000
Mohamed Elneny,MF,Arsenal,31,3,0,28.0,0.3,0,0,0,0,0,0,0,0,0.1,0.1,0.0,0.1,0.00,0.00,0.00,0.00,0.26,0.00,0.26,0.26,55000,2860000
Mohamed Salah,FW,Liverpool,31,32,28,2534.0,28.2,18,10,28,13,5,7,2,0,21.2,15.5,11.8,27.3,0.64,0.36,0.99,0.46,0.75,0.42,0.55,0.97,350000,18200000
Mohammed Kudus,"FW,MF",West Ham,22,33,27,2484.0,27.6,8,6,14,8,0,0,6,0,5.1,5.1,3.5,8.6,0.29,0.22,0.51,0.29,0.19,0.13,0.19,0.31,90000,4680000
Moisés Caicedo,MF,Chelsea,21,35,33,2866.0,31.8,1,3,4,1,0,0,11,0,0.4,0.4,2.6,3.0,0.03,0.09,0.13,0.03,0.01,0.08,0.01,0.09,150000,7800000
Morgan Gibbs-White,"MF,FW",Nott'ham Forest,23,37,35,3156.0,35.1,5,10,15,4,1,1,9,0,6.9,6.1,8.4,14.5,0.14,0.29,0.43,0.11,0.20,0.24,0.17,0.41,80000,4160000
Morgan Rogers,"MF,FW",Aston Villa,21,11,8,638.0,7.1,3,1,4,3,0,0,3,0,1.4,1.4,0.6,2.0,0.42,0.14,0.56,0.42,0.19,0.09,0.19,0.28,20000,1040000
Moussa Diaby,"FW,MF",Aston Villa,24,38,25,2174.0,24.2,6,8,14,6,0,0,1,0,7.0,7.0,6.6,13.6,0.25,0.33,0.58,0.25,0.29,0.27,0.29,0.56,130000,6760000
Moussa Niakhate,DF,Nott'ham Forest,27,21,15,1460.0,16.2,1,0,1,1,0,0,5,1,1.1,1.1,0.1,1.2,0.06,0.00,0.06,0.06,0.07,0.01,0.07,0.08,45000,2340000
Murillo,DF,Nott'ham Forest,21,32,32,2789.0,31.0,0,2,2,0,0,0,5,0,1.8,1.8,1.2,3.0,0.00,0.06,0.06,0.00,0.06,0.04,0.06,0.10,30000,1560000
Mykhailo Mudryk,FW,Chelsea,22,31,18,1576.0,17.5,5,2,7,5,0,0,5,0,4.4,4.4,4.1,8.5,0.29,0.11,0.40,0.29,0.25,0.23,0.25,0.48,100000,5200000
Myles Peart-Harris,"DF,MF",Brentford,20,3,0,13.0,0.1,0,0,0,0,0,0,0,0,0.0,0.0,0.0,0.0,0.00,0.00,0.00,0.00,0.00,0.12,0.00,0.12,5000,260000
Naouirou Ahamada,"MF,FW",Crystal Palace,21,20,0,349.0,3.9,0,0,0,0,0,0,4,1,0.5,0.5,0.0,0.5,0.00,0.00,0.00,0.00,0.13,0.01,0.13,0.13,20000,1040000
Nathan Aké,DF,Manchester City,28,29,24,2042.0,22.7,2,2,4,2,0,0,0,0,2.5,2.5,1.2,3.7,0.09,0.09,0.18,0.09,0.11,0.05,0.11,0.16,160000,8320000
Nathan Collins,DF,Brentford,22,32,29,2652.0,29.5,1,1,2,1,0,0,3,0,1.7,1.7,2.2,3.9,0.03,0.03,0.07,0.03,0.06,0.07,0.06,0.13,30000,1560000
Nathan Fraser,FW,Wolves,18,7,1,186.0,2.1,0,0,0,0,0,0,1,0,0.3,0.3,0.1,0.4,0.00,0.00,0.00,0.00,0.16,0.04,0.16,0.19,,
Nathan Patterson,DF,Everton,21,20,9,1005.0,11.2,0,2,2,0,0,0,4,0,0.3,0.3,1.7,2.0,0.00,0.18,0.18,0.00,0.03,0.15,0.03,0.18,28000,1456000
Nathan Redmond,"FW,MF",Burnley,29,12,0,142.0,1.6,0,0,0,0,0,0,1,0,0.0,0.0,0.3,0.3,0.00,0.00,0.00,0.00,0.00,0.19,0.00,0.19,35000,1820000
Nathaniel Clyne,DF,Crystal Palace,32,19,14,1338.0,14.9,0,0,0,0,0,0,0,0,0.2,0.2,0.2,0.4,0.00,0.00,0.00,0.00,0.01,0.01,0.01,0.03,80000,4160000
Nayef Aguerd,DF,West Ham,27,21,21,1857.0,20.6,1,0,1,1,0,0,3,1,1.5,1.5,0.3,1.8,0.05,0.00,0.05,0.05,0.07,0.01,0.07,0.09,50000,2600000
Neal Maupay,FW,Brentford,26,29,13,1321.0,14.7,6,3,9,6,0,0,8,0,5.7,5.7,2.3,8.1,0.41,0.20,0.61,0.41,0.39,0.16,0.39,0.55,50000,2600000
Neal Maupay,FW,Everton,26,2,1,111.0,1.2,0,0,0,0,0,0,0,0,1.4,1.4,0.1,1.5,0.00,0.00,0.00,0.00,1.16,0.05,1.16,1.22,50000,2600000
Neco Williams,DF,Nott'ham Forest,22,26,18,1637.0,18.2,0,1,1,0,0,0,4,0,0.8,0.8,1.6,2.5,0.00,0.05,0.05,0.00,0.04,0.09,0.04,0.13,50000,2600000
Neto,GK,Bournemouth,34,32,32,2880.0,32.0,0,0,0,0,0,0,5,0,0.0,0.0,0.0,0.0,0.00,0.00,0.00,0.00,0.00,0.00,0.00,0.00,50000,2600000
Nick Pope,GK,Newcastle Utd,31,15,15,1345.0,14.9,0,0,0,0,0,0,1,0,0.0,0.0,0.0,0.0,0.00,0.00,0.00,0.00,0.00,0.00,0.00,0.00,60000,3120000
Nicolas Jackson,FW,Chelsea,22,35,31,2799.0,31.1,14,5,19,14,0,0,10,0,18.6,18.6,4.3,22.9,0.45,0.16,0.61,0.45,0.60,0.14,0.60,0.74,65000,3380000
Nicolás Domínguez,"MF,FW",Nott'ham Forest,25,26,19,1495.0,16.6,2,2,4,2,0,0,4,0,1.3,1.3,1.0,2.3,0.12,0.12,0.24,0.12,0.08,0.06,0.08,0.14,35000,1820000
Nicolò Zaniolo,"FW,MF",Aston Villa,24,25,9,839.0,9.3,2,0,2,2,0,0,7,0,2.6,2.6,1.0,3.6,0.21,0.00,0.21,0.21,0.28,0.11,0.28,0.39,60000,3120000
Noni Madueke,FW,Chelsea,21,23,13,1053.0,11.7,5,2,7,4,1,1,2,0,2.5,1.7,2.6,4.3,0.43,0.17,0.60,0.34,0.21,0.23,0.14,0.37,50000,2600000
Nuno Tavares,DF,Nott'ham Forest,23,8,5,457.0,5.1,0,0,0,0,0,0,2,0,0.2,0.2,0.5,0.7,0.00,0.00,0.00,0.00,0.03,0.10,0.03,0.13,30000,1560000
Nélson Semedo,"DF,MF",Wolves,29,36,36,3084.0,34.3,0,1,1,0,0,0,10,1,1.3,1.3,1.7,3.0,0.00,0.03,0.03,0.00,0.04,0.05,0.04,0.09,80000,4160000
Odeluga Offiah,DF,Brighton,20,4,1,128.0,1.4,0,0,0,0,0,0,0,0,0.0,0.0,0.0,0.0,0.00,0.00,0.00,0.00,0.00,0.00,0.00,0.00,,
Odisseas Vlachodimos,GK,Nott'ham Forest,29,5,5,450.0,5.0,0,0,0,0,0,0,0,0,0.0,0.0,0.0,0.0,0.00,0.00,0.00,0.00,0.00,0.01,0.00,0.01,45000,2340000
Odsonne Édouard,"FW,MF",Crystal Palace,25,30,17,1555.0,17.3,7,0,7,7,0,0,4,0,6.2,6.2,1.2,7.4,0.41,0.00,0.41,0.41,0.36,0.07,0.36,0.43,90000,4680000
Ola Aina,DF,Nott'ham Forest,26,22,20,1692.0,18.8,1,1,2,1,0,0,3,0,0.3,0.3,0.9,1.2,0.05,0.05,0.11,0.05,0.01,0.05,0.01,0.06,40000,2080000
Oleksandr Zinchenko,DF,Arsenal,26,27,20,1722.0,19.1,1,2,3,1,0,0,2,0,0.6,0.6,2.5,3.1,0.05,0.10,0.16,0.05,0.03,0.13,0.03,0.16,150000,7800000
Oliver Arblaster,MF,Sheffield Utd,19,12,11,943.0,10.5,0,0,0,0,0,0,2,0,0.0,0.0,0.8,0.8,0.00,0.00,0.00,0.00,0.00,0.07,0.00,0.08,,
Oliver McBurnie,FW,Sheffield Utd,27,21,15,1280.0,14.2,6,3,9,4,2,2,7,2,6.9,5.3,2.0,7.3,0.42,0.21,0.63,0.28,0.48,0.14,0.37,0.51,25000,1300000
Oliver Norwood,MF,Sheffield Utd,32,27,16,1440.0,16.0,1,0,1,0,1,1,8,0,1.1,0.3,0.6,0.9,0.06,0.00,0.06,0.00,0.07,0.04,0.02,0.06,20000,1040000
Oliver Skipp,"MF,DF",Tottenham,22,21,5,707.0,7.9,0,0,0,0,0,0,3,0,0.7,0.7,0.6,1.3,0.00,0.00,0.00,0.00,0.09,0.07,0.09,0.16,40000,2080000
Ollie Watkins,FW,Aston Villa,27,37,37,3217.0,35.7,19,13,32,19,0,0,4,0,16.8,16.8,7.3,24.2,0.53,0.36,0.90,0.53,0.47,0.21,0.47,0.68,130000,6760000
Omari Forson,FW,Manchester Utd,19,4,1,70.0,0.8,0,1,1,0,0,0,0,0,0.0,0.0,0.2,0.2,0.00,1.29,1.29,0.00,0.04,0.23,0.04,0.27,,
Omari Kellyman,FW,Aston Villa,17,2,0,37.0,0.4,0,0,0,0,0,0,0,0,0.1,0.1,0.0,0.1,0.00,0.00,0.00,0.00,0.17,0.00,0.17,0.17,,
Orel Mangala,MF,Nott'ham Forest,25,20,19,1563.0,17.4,1,0,1,1,0,0,6,0,0.8,0.8,0.2,1.1,0.06,0.00,0.06,0.06,0.05,0.01,0.05,0.06,30000,1560000
Oscar Bobb,"FW,MF",Manchester City,20,14,2,302.0,3.4,1,1,2,1,0,0,0,0,1.4,1.4,1.2,2.6,0.30,0.30,0.60,0.30,0.41,0.37,0.41,0.78,15000,780000
Owen Beck,DF,Liverpool,20,1,0,8.0,0.1,0,0,0,0,0,0,0,0,0.0,0.0,0.0,0.0,0.00,0.00,0.00,0.00,0.00,0.00,0.00,0.00,,
Pablo Fornals,"MF,FW",West Ham,27,15,4,426.0,4.7,0,0,0,0,0,0,0,0,0.3,0.3,0.3,0.6,0.00,0.00,0.00,0.00,0.07,0.07,0.07,0.13,65000,3380000
Pablo Sarabia,"MF,FW",Wolves,31,30,20,1745.0,19.4,4,7,11,2,2,2,5,0,5.5,3.9,5.9,9.8,0.21,0.36,0.57,0.10,0.28,0.30,0.20,0.50,90000,4680000
Pape Matar Sarr,MF,Tottenham,20,34,27,2069.0,23.0,3,3,6,3,0,0,9,0,3.4,3.4,2.2,5.7,0.13,0.13,0.26,0.13,0.15,0.10,0.15,0.25,70000,3640000
Pascal Groß,"MF,DF",Brighton,32,36,34,3114.0,34.6,4,10,14,3,1,1,6,0,6.5,5.7,8.1,13.8,0.12,0.29,0.40,0.09,0.19,0.24,0.16,0.40,65000,3380000
Pau Torres,DF,Aston Villa,26,29,27,2464.0,27.4,2,0,2,2,0,0,1,0,1.0,1.0,0.4,1.4,0.07,0.00,0.07,0.07,0.04,0.02,0.04,0.05,100000,5200000
Paul Dummett,DF,Newcastle Utd,31,5,0,20.0,0.2,0,0,0,0,0,0,0,0,0.0,0.0,0.0,0.0,0.00,0.00,0.00,0.00,0.11,0.00,0.11,0.11,35000,1820000
Pedro Neto,"FW,MF",Wolves,23,20,18,1516.0,16.8,2,9,11,2,0,0,4,0,3.5,3.5,4.4,7.9,0.12,0.53,0.65,0.12,0.21,0.26,0.21,0.47,50000,2600000
Pedro Porro,DF,Tottenham,23,35,35,3089.0,34.3,3,7,10,3,0,0,3,0,2.9,2.9,7.2,10.1,0.09,0.20,0.29,0.09,0.09,0.21,0.09,0.30,85000,4420000
Pelly Ruddock Mpanzu,MF,Luton Town,30,27,11,1101.0,12.2,0,0,0,0,0,0,1,0,0.6,0.6,0.4,1.1,0.00,0.00,0.00,0.00,0.05,0.04,0.05,0.09,10000,520000
Pervis Estupiñán,DF,Brighton,25,19,15,1243.0,13.8,2,3,5,2,0,0,4,0,1.0,1.0,3.5,4.4,0.14,0.22,0.36,0.14,0.07,0.25,0.07,0.32,50000,2600000
Phil Foden,"FW,MF",Manchester City,23,35,33,2857.0,31.7,19,8,27,19,0,0,2,0,10.3,10.3,8.4,18.7,0.60,0.25,0.85,0.60,0.33,0.26,0.33,0.59,225000,11700000
Philip Billing,MF,Bournemouth,27,29,13,1398.0,15.5,2,2,4,2,0,0,3,1,2.5,2.5,3.2,5.7,0.13,0.13,0.26,0.13,0.16,0.21,0.16,0.36,45000,2340000
Philippe Coutinho,"MF,FW",Aston Villa,31,2,0,25.0,0.3,0,0,0,0,0,0,0,0,0.1,0.1,0.0,0.1,0.00,0.00,0.00,0.00,0.52,0.00,0.52,0.52,,
Pierre Højbjerg,MF,Tottenham,27,36,8,1311.0,14.6,0,0,0,0,0,0,4,0,0.7,0.7,1.2,1.9,0.00,0.00,0.00,0.00,0.05,0.08,0.05,0.13,100000,5200000
Radu Drăgușin,DF,Tottenham,21,9,4,429.0,4.8,0,0,0,0,0,0,1,0,0.1,0.1,0.0,0.1,0.00,0.00,0.00,0.00,0.03,0.00,0.03,0.03,85000,4420000
Raheem Sterling,"FW,MF",Chelsea,28,31,22,1978.0,22.0,8,4,12,8,0,0,7,0,6.5,6.5,4.5,11.0,0.36,0.18,0.55,0.36,0.29,0.20,0.29,0.50,325000,16900000
Raphaël Varane,DF,Manchester Utd,30,22,16,1375.0,15.3,1,0,1,1,0,0,2,0,1.3,1.3,0.1,1.3,0.07,0.00,0.07,0.07,0.08,0.00,0.08,0.09,340000,17680000
Rasmus Højlund,FW,Manchester Utd,20,30,25,2158.0,24.0,10,2,12,10,0,0,2,0,7.6,7.6,1.6,9.2,0.42,0.08,0.50,0.42,0.32,0.07,0.32,0.38,85000,4420000
Rayan Aït-Nouri,"DF,MF",Wolves,22,33,29,2329.0,25.9,2,1,3,2,0,0,7,0,3.3,3.3,2.4,5.6,0.08,0.04,0.12,0.08,0.13,0.09,0.13,0.22,10000,520000
Raúl Jiménez,FW,Fulham,32,24,18,1395.0,15.5,7,0,7,7,0,0,3,1,5.2,5.2,1.5,6.6,0.45,0.00,0.45,0.45,0.33,0.10,0.33,0.43,100000,5200000
Reece Burke,DF,Luton Town,26,22,20,1660.0,18.4,0,4,4,0,0,0,5,0,1.3,1.3,1.4,2.7,0.00,0.22,0.22,0.00,0.07,0.07,0.07,0.15,12500,650000
Reece James,DF,Chelsea,23,10,5,419.0,4.7,0,2,2,0,0,0,2,2,0.3,0.3,1.7,2.1,0.00,0.43,0.43,0.00,0.07,0.37,0.07,0.44,250000,13000000
Reiss Nelson,FW,Arsenal,23,15,1,268.0,3.0,0,0,0,0,0,0,1,0,0.2,0.2,0.6,0.8,0.00,0.00,0.00,0.00,0.07,0.20,0.07,0.27,100000,5200000
Remi Matthews,GK,Crystal Palace,29,1,0,4.0,0.0,0,0,0,0,0,0,0,0,0.0,0.0,0.0,0.0,0.00,0.00,0.00,0.00,0.00,0.00,0.00,0.00,5385,280000
Rhian Brewster,"FW,MF",Sheffield Utd,23,13,3,346.0,3.8,0,0,0,0,0,0,0,1,0.4,0.4,0.1,0.5,0.00,0.00,0.00,0.00,0.09,0.03,0.09,0.12,35000,1820000
Rhys Norrington-Davies,DF,Sheffield Utd,24,5,2,110.0,1.2,0,0,0,0,0,0,1,0,0.0,0.0,0.0,0.0,0.00,0.00,0.00,0.00,0.00,0.01,0.00,0.01,4000,208000
Richarlison,FW,Tottenham,26,28,18,1491.0,16.6,11,4,15,11,0,0,3,0,9.6,9.6,2.1,11.7,0.66,0.24,0.91,0.66,0.58,0.13,0.58,0.70,90000,4680000
Rico Henry,DF,Brentford,26,5,5,401.0,4.5,0,1,1,0,0,0,1,0,0.1,0.1,1.0,1.1,0.00,0.22,0.22,0.00,0.02,0.22,0.02,0.24,35000,1820000
Rico Lewis,"DF,MF",Manchester City,18,16,8,809.0,9.0,2,0,2,2,0,0,1,0,0.6,0.6,1.1,1.8,0.22,0.00,0.22,0.22,0.07,0.12,0.07,0.19,25000,1300000
Robert Sánchez,GK,Chelsea,25,16,16,1433.0,15.9,0,0,0,0,0,0,2,0,0.0,0.0,0.0,0.0,0.00,0.00,0.00,0.00,0.00,0.00,0.00,0.00,60000,3120000
Robin Olsen,GK,Aston Villa,33,5,4,405.0,4.5,0,0,0,0,0,0,0,0,0.0,0.0,0.0,0.0,0.00,0.00,0.00,0.00,0.00,0.00,0.00,0.00,50000,2600000
Rodri,MF,Manchester City,27,34,34,2931.0,32.6,8,9,17,8,0,0,8,1,4.1,4.1,3.9,8.0,0.25,0.28,0.52,0.25,0.12,0.12,0.12,0.24,220000,11440000
Rodrigo Bentancur,MF,Tottenham,26,23,13,1005.0,11.2,1,1,2,1,0,0,7,0,1.9,1.9,0.5,2.4,0.09,0.09,0.18,0.09,0.17,0.04,0.17,0.22,75000,3900000
Rodrigo Muniz,FW,Fulham,22,26,18,1593.0,17.7,9,1,10,9,0,0,1,0,8.7,8.7,2.0,10.7,0.51,0.06,0.56,0.51,0.49,0.12,0.49,0.61,7500,390000
Rodrigo Ribeiro,"MF,FW",Nott'ham Forest,18,4,0,17.0,0.2,0,0,0,0,0,0,0,0,0.0,0.0,0.0,0.0,0.00,0.00,0.00,0.00,0.00,0.00,0.00,0.00,7500,390000
Romain Faivre,"MF,FW",Bournemouth,25,5,0,41.0,0.5,0,0,0,0,0,0,1,0,0.2,0.2,0.0,0.2,0.00,0.00,0.00,0.00,0.34,0.00,0.34,0.34,35000,1820000
Roméo Lavia,MF,Chelsea,19,1,0,33.0,0.4,0,0,0,0,0,0,0,0,0.0,0.0,0.0,0.0,0.00,0.00,0.00,0.00,0.00,0.00,0.00,0.00,45000,2340000
Ross Barkley,MF,Luton Town,29,32,30,2618.0,29.1,5,4,9,5,0,0,6,0,4.1,4.1,3.7,7.9,0.17,0.14,0.31,0.17,0.14,0.13,0.14,0.27,30000,1560000
Ryan Christie,MF,Bournemouth,28,37,35,2907.0,32.3,0,5,5,0,0,0,6,0,2.3,2.3,5.4,7.7,0.00,0.15,0.15,0.00,0.07,0.17,0.07,0.24,50000,2600000
Ryan Giles,"DF,MF",Luton Town,23,11,5,503.0,5.6,0,0,0,0,0,0,0,0,0.1,0.1,0.2,0.3,0.00,0.00,0.00,0.00,0.02,0.04,0.02,0.06,35000,1820000
Ryan Gravenberch,MF,Liverpool,21,26,12,1121.0,12.5,1,0,1,1,0,0,0,0,2.0,2.0,0.9,2.9,0.08,0.00,0.08,0.08,0.16,0.07,0.16,0.23,150000,7800000
Ryan One,FW,Sheffield Utd,17,1,0,8.0,0.1,0,0,0,0,0,0,0,0,0.0,0.0,0.0,0.0,0.00,0.00,0.00,0.00,0.00,0.00,0.00,0.00,,
Ryan Yates,MF,Nott'ham Forest,25,35,21,1992.0,22.1,1,1,2,1,0,0,6,0,2.6,2.6,0.8,3.5,0.05,0.05,0.09,0.05,0.12,0.04,0.12,0.16,25000,1300000
Rúben Dias,DF,Manchester City,26,30,28,2559.0,28.4,0,0,0,0,0,0,0,0,1.4,1.4,0.3,1.7,0.00,0.00,0.00,0.00,0.05,0.01,0.05,0.06,180000,9360000
Sam Curtis,DF,Sheffield Utd,17,1,0,28.0,0.3,0,0,0,0,0,0,0,0,0.0,0.0,0.0,0.0,0.00,0.00,0.00,0.00,0.00,0.00,0.00,0.00,,
Sam Johnstone,GK,Crystal Palace,30,20,20,1796.0,20.0,0,0,0,0,0,0,1,0,0.0,0.0,0.0,0.0,0.00,0.00,0.00,0.00,0.00,0.00,0.00,0.00,40000,2080000
Saman Ghoddos,DF,Brentford,29,19,7,739.0,8.2,1,0,1,1,0,0,5,0,0.3,0.3,1.1,1.4,0.12,0.00,0.12,0.12,0.04,0.13,0.04,0.17,15000,780000
Sander Berge,MF,Burnley,25,37,34,3005.0,33.4,1,2,3,1,0,0,10,1,1.9,1.9,2.4,4.3,0.03,0.06,0.09,0.03,0.06,0.07,0.06,0.13,40000,2080000
Sandro Tonali,MF,Newcastle Utd,23,8,5,438.0,4.9,1,0,1,1,0,0,2,0,0.7,0.7,0.6,1.3,0.21,0.00,0.21,0.21,0.13,0.13,0.13,0.26,,
Santiago Bueno,DF,Wolves,24,12,9,822.0,9.1,0,0,0,0,0,0,1,0,0.0,0.0,0.1,0.1,0.00,0.00,0.00,0.00,0.00,0.01,0.00,0.01,30000,1560000
Sasa Kalajdzic,FW,Wolves,26,11,1,166.0,1.8,2,0,2,2,0,0,0,0,1.1,1.1,1.0,2.0,1.08,0.00,1.08,1.08,0.57,0.52,0.57,1.09,35000,1820000
Saïd Benrahma,"FW,MF",West Ham,27,13,5,620.0,6.9,0,1,1,0,0,1,1,0,1.8,1.0,1.4,2.5,0.00,0.15,0.15,0.00,0.27,0.21,0.15,0.36,55000,2860000
Saša Lukić,MF,Fulham,26,24,13,1122.0,12.5,1,0,1,1,0,0,3,0,1.6,1.6,0.8,2.4,0.08,0.00,0.08,0.08,0.13,0.06,0.13,0.19,63000,3276000
Scott McKenna,DF,Nott'ham Forest,26,5,5,416.0,4.6,0,0,0,0,0,0,0,0,0.2,0.2,0.2,0.4,0.00,0.00,0.00,0.00,0.05,0.04,0.05,0.08,20000,1040000
Scott McTominay,"MF,FW",Manchester Utd,26,32,18,1901.0,21.1,7,1,8,7,0,0,2,0,5.7,5.7,0.8,6.6,0.33,0.05,0.38,0.33,0.27,0.04,0.27,0.31,60000,3120000
Sean Longstaff,MF,Newcastle Utd,25,35,30,2747.0,30.5,6,2,8,6,0,0,7,0,6.6,6.6,2.3,8.8,0.20,0.07,0.26,0.20,0.22,0.07,0.22,0.29,50000,2600000
Serge Aurier,"DF,MF",Nott'ham Forest,30,12,10,833.0,9.3,0,2,2,0,0,0,2,0,0.2,0.2,0.5,0.6,0.00,0.22,0.22,0.00,0.02,0.05,0.02,0.07,50000,2600000
Sergio Gómez,"FW,MF",Manchester City,22,6,0,53.0,0.6,0,1,1,0,0,0,0,0,0.2,0.2,0.2,0.4,0.00,1.70,1.70,0.00,0.41,0.31,0.41,0.73,50000,2600000
Sergio Reguilón,DF,Brentford,26,16,14,1118.0,12.4,0,4,4,0,0,0,4,1,0.8,0.8,2.8,3.6,0.00,0.32,0.32,0.00,0.06,0.23,0.06,0.29,53000,2756000
Sergio Reguilón,DF,Manchester Utd,26,9,4,412.0,4.6,0,0,0,0,0,0,3,0,0.2,0.2,0.7,0.9,0.00,0.00,0.00,0.00,0.04,0.16,0.04,0.20,53000,2756000
Shandon Baptiste,MF,Brentford,25,10,2,229.0,2.5,1,1,2,1,0,0,1,0,0.9,0.9,0.2,1.1,0.39,0.39,0.79,0.39,0.35,0.08,0.35,0.43,15000,780000
Simon Adingra,FW,Brighton,21,31,25,2222.0,24.7,6,1,7,6,0,0,3,0,4.3,4.3,3.7,8.0,0.24,0.04,0.28,0.24,0.17,0.15,0.17,0.32,12500,650000
Sofyan Amrabat,"MF,DF",Manchester Utd,26,21,10,938.0,10.4,0,0,0,0,0,0,6,0,0.1,0.1,0.3,0.4,0.00,0.00,0.00,0.00,0.01,0.03,0.01,0.04,65000,3380000
Solly March,"FW,DF",Brighton,29,7,7,554.0,6.2,3,1,4,3,0,0,1,0,2.0,2.0,1.0,2.9,0.49,0.16,0.65,0.49,0.32,0.16,0.32,0.47,50000,2600000
Son Heung-min,FW,Tottenham,31,35,34,2934.0,32.6,17,10,27,15,2,2,1,0,12.0,10.4,11.8,22.2,0.52,0.31,0.83,0.46,0.37,0.36,0.32,0.68,190000,9880000
Stefan Bajcetic,MF,Liverpool,18,1,0,26.0,0.3,0,0,0,0,0,0,0,0,0.0,0.0,0.0,0.0,0.00,0.00,0.00,0.00,0.00,0.00,0.00,0.00,40000,2080000
Stefan Ortega,GK,Manchester City,30,9,5,635.0,7.1,0,0,0,0,0,0,0,0,0.0,0.0,0.0,0.0,0.00,0.00,0.00,0.00,0.00,0.00,0.00,0.00,55000,2860000
Sven Botman,DF,Newcastle Utd,23,17,15,1377.0,15.3,2,2,4,2,0,0,2,0,0.6,0.6,1.0,1.6,0.13,0.13,0.26,0.13,0.04,0.07,0.04,0.11,90000,4680000
Sydie Peck,MF,Sheffield Utd,18,1,0,10.0,0.1,0,0,0,0,0,0,0,0,0.0,0.0,0.0,0.0,0.00,0.00,0.00,0.00,0.00,0.00,0.00,0.00,,
Séamus Coleman,DF,Everton,34,12,7,665.0,7.4,0,0,0,0,0,0,0,0,0.0,0.0,1.0,1.0,0.00,0.00,0.00,0.00,0.00,0.14,0.00,0.14,55000,2860000
Tahith Chong,"MF,FW",Luton Town,23,33,20,1982.0,22.0,4,0,4,4,0,0,4,0,2.7,2.7,0.5,3.2,0.18,0.00,0.18,0.18,0.12,0.02,0.12,0.15,30000,1560000
Taiwo Awoniyi,FW,Nott'ham Forest,25,20,12,1042.0,11.6,6,3,9,6,0,0,2,0,4.7,4.7,1.7,6.4,0.52,0.26,0.78,0.52,0.41,0.15,0.41,0.56,50000,2600000
Takehiro Tomiyasu,DF,Arsenal,24,22,10,1149.0,12.8,2,1,3,2,0,0,2,1,1.5,1.5,0.4,1.9,0.16,0.08,0.23,0.16,0.12,0.03,0.12,0.15,55000,2860000
Tariq Lamptey,"DF,FW",Brighton,22,19,10,914.0,10.2,0,3,3,0,0,0,3,0,0.4,0.4,1.2,1.7,0.00,0.30,0.30,0.00,0.04,0.12,0.04,0.16,35000,1820000
Tawanda Chirewa,"MF,FW",Wolves,19,8,1,145.0,1.6,0,0,0,0,0,0,1,0,0.2,0.2,0.0,0.2,0.00,0.00,0.00,0.00,0.10,0.02,0.10,0.12,,
Teden Mengi,DF,Luton Town,21,30,28,2469.0,27.4,1,0,1,1,0,0,3,0,0.6,0.6,0.3,0.9,0.04,0.00,0.04,0.04,0.02,0.01,0.02,0.03,10000,520000
Thiago Alcántara,MF,Liverpool,32,1,0,6.0,0.1,0,0,0,0,0,0,0,0,0.0,0.0,0.0,0.0,0.00,0.00,0.00,0.00,0.00,0.00,0.00,0.00,200000,10400000
Thiago Silva,DF,Chelsea,38,31,28,2527.0,28.1,3,1,4,3,0,0,4,0,0.8,0.8,1.0,1.8,0.11,0.04,0.14,0.11,0.03,0.04,0.03,0.06,110000,5720000
Thilo Kehrer,"DF,MF",West Ham,26,4,0,22.0,0.2,0,0,0,0,0,0,2,0,0.0,0.0,0.0,0.0,0.00,0.00,0.00,0.00,0.00,0.00,0.00,0.00,80000,4160000
Thomas Cannon,FW,Everton,20,1,0,1.0,0.0,0,0,0,0,0,0,0,0,0.0,0.0,0.0,0.0,0.00,0.00,0.00,0.00,0.00,0.00,0.00,0.00,,
Thomas Kaminski,GK,Luton Town,30,38,38,3405.0,37.8,0,0,0,0,0,0,3,0,0.0,0.0,0.0,0.0,0.00,0.00,0.00,0.00,0.00,0.00,0.00,0.00,25000,1300000
Thomas Partey,"MF,DF",Arsenal,30,14,9,788.0,8.8,0,0,0,0,0,0,3,0,0.4,0.4,0.3,0.7,0.00,0.00,0.00,0.00,0.05,0.03,0.05,0.08,200000,10400000
Thomas Strakosha,GK,Brentford,28,2,1,135.0,1.5,0,0,0,0,0,0,0,0,0.0,0.0,0.0,0.0,0.00,0.00,0.00,0.00,0.00,0.00,0.00,0.00,25000,1300000
Tim Iroegbunam,MF,Aston Villa,20,9,1,164.0,1.8,0,0,0,0,0,0,0,0,0.0,0.0,0.0,0.0,0.00,0.00,0.00,0.00,0.00,0.00,0.00,0.00,5000,260000
Tim Ream,DF,Fulham,35,18,17,1503.0,16.7,1,0,1,1,0,0,4,1,1.0,1.0,0.0,1.0,0.06,0.00,0.06,0.06,0.06,0.00,0.06,0.06,30000,1560000
Timo Werner,FW,Tottenham,27,13,10,809.0,9.0,2,3,5,2,0,0,1,0,3.7,3.7,2.7,6.4,0.22,0.33,0.56,0.22,0.41,0.30,0.41,0.72,165000,8580000
Timothy Castagne,DF,Fulham,27,34,29,2634.0,29.3,1,3,4,1,0,0,3,0,1.6,1.6,1.9,3.5,0.03,0.10,0.14,0.03,0.06,0.07,0.06,0.12,65000,3380000
Tom Cairney,MF,Fulham,32,34,14,1488.0,16.5,1,4,5,1,0,0,3,0,1.1,1.1,2.3,3.4,0.06,0.24,0.30,0.06,0.07,0.14,0.07,0.20,30000,1560000
Tom Davies,MF,Sheffield Utd,25,9,2,221.0,2.5,0,0,0,0,0,0,2,0,0.4,0.4,0.1,0.4,0.00,0.00,0.00,0.00,0.14,0.03,0.14,0.17,30000,1560000
Tom Lockyer,DF,Luton Town,28,14,14,1169.0,13.0,1,1,2,1,0,0,4,0,1.1,1.1,0.6,1.7,0.08,0.08,0.15,0.08,0.08,0.05,0.08,0.13,20000,1040000
Tommy Doyle,MF,Wolves,21,26,11,1222.0,13.6,0,0,0,0,0,0,2,0,0.4,0.4,0.4,0.9,0.00,0.00,0.00,0.00,0.03,0.03,0.03,0.06,10000,520000
Tomáš Souček,MF,West Ham,28,37,34,2870.0,31.9,7,2,9,7,0,0,7,0,6.7,6.7,1.7,8.4,0.22,0.06,0.28,0.22,0.21,0.05,0.21,0.26,90000,4680000
Tosin Adarabioyo,DF,Fulham,25,20,18,1617.0,18.0,2,0,2,2,0,0,2,0,0.7,0.7,0.1,0.8,0.11,0.00,0.11,0.11,0.04,0.01,0.04,0.05,40000,2080000
Toti Gomes,DF,Wolves,24,35,31,2772.0,30.8,1,3,4,1,0,0,7,0,1.6,1.6,1.2,2.8,0.03,0.10,0.13,0.03,0.05,0.04,0.05,0.09,10000,520000
Trent Alexander-Arnold,DF,Liverpool,24,28,25,2155.0,23.9,3,4,7,3,0,0,6,0,2.6,2.3,7.2,9.5,0.13,0.17,0.29,0.13,0.11,0.30,0.10,0.40,180000,9360000
Trevoh Chalobah,DF,Chelsea,24,13,10,952.0,10.6,1,0,1,1,0,0,1,0,0.2,0.2,0.1,0.3,0.09,0.00,0.09,0.09,0.02,0.01,0.02,0.02,50000,2600000
Tyler Adams,MF,Bournemouth,24,3,1,121.0,1.3,0,0,0,0,0,0,0,0,0.0,0.0,0.1,0.1,0.00,0.00,0.00,0.00,0.00,0.06,0.00,0.06,60000,3120000
Tyler Onyango,MF,Everton,20,1,0,1.0,0.0,0,0,0,0,0,0,0,0,0.0,0.0,0.0,0.0,0.00,0.00,0.00,0.00,0.00,0.00,0.00,0.00,5000,260000
Tyrick Mitchell,"DF,MF",Crystal Palace,23,37,37,3204.0,35.6,2,3,5,2,0,0,6,0,1.6,1.6,2.8,4.4,0.06,0.08,0.14,0.06,0.04,0.08,0.04,0.12,40000,2080000
Tyrone Mings,DF,Aston Villa,30,1,1,30.0,0.3,0,0,0,0,0,0,0,0,0.0,0.0,0.0,0.0,0.00,0.00,0.00,0.00,0.02,0.07,0.02,0.09,100000,5200000
Valentino Livramento,DF,Newcastle Utd,20,26,12,1314.0,14.6,1,0,1,1,0,0,1,0,0.4,0.4,0.8,1.2,0.07,0.00,0.07,0.07,0.03,0.05,0.03,0.08,50000,2600000
Valentín Barco,"DF,FW",Brighton,19,6,3,307.0,3.4,0,0,0,0,0,0,1,0,0.2,0.2,0.2,0.4,0.00,0.00,0.00,0.00,0.05,0.07,0.05,0.13,25000,1300000
Victor Lindelöf,DF,Manchester Utd,29,19,14,1328.0,14.8,1,1,2,1,0,0,2,0,0.8,0.8,0.3,1.1,0.07,0.07,0.14,0.07,0.05,0.02,0.05,0.07,120000,6240000
Vinicius Souza,MF,Sheffield Utd,24,36,29,2668.0,29.6,1,0,1,1,0,0,3,0,0.6,0.6,0.2,0.9,0.03,0.00,0.03,0.03,0.02,0.01,0.02,0.03,30000,1560000
Virgil van Dijk,DF,Liverpool,32,36,36,3177.0,35.3,2,2,4,2,0,0,3,1,2.8,2.8,1.6,4.4,0.06,0.06,0.11,0.06,0.08,0.04,0.08,0.12,220000,11440000
Vitaliy Mykolenko,DF,Everton,24,28,28,2469.0,27.4,2,0,2,2,0,0,1,0,1.5,1.5,0.9,2.4,0.07,0.00,0.07,0.07,0.06,0.03,0.06,0.09,58000,3016000
Vitaly Janelt,"MF,DF",Brentford,25,38,37,3054.0,33.9,1,3,4,1,0,0,8,0,1.8,1.8,4.8,6.5,0.03,0.09,0.12,0.03,0.05,0.14,0.05,0.19,30000,1560000
Vitinho,"DF,MF",Burnley,24,32,26,2314.0,25.7,0,2,2,0,0,0,1,0,1.6,1.6,1.3,2.9,0.00,0.08,0.08,0.00,0.06,0.05,0.06,0.11,25000,1300000
Vladimír Coufal,DF,West Ham,30,36,36,3132.0,34.8,0,7,7,0,0,0,7,1,0.3,0.3,4.0,4.3,0.00,0.20,0.20,0.00,0.01,0.11,0.01,0.12,35000,1820000
Wataru Endo,MF,Liverpool,30,29,20,1722.0,19.1,1,0,1,1,0,0,10,0,0.5,0.5,1.7,2.3,0.05,0.00,0.05,0.05,0.03,0.09,0.03,0.12,50000,2600000
Wes Foderingham,GK,Sheffield Utd,32,30,29,2649.0,29.4,0,0,0,0,0,0,2,0,0.0,0.0,0.1,0.1,0.00,0.00,0.00,0.00,0.00,0.00,0.00,0.00,12500,650000
Will Hughes,MF,Crystal Palace,28,30,23,1891.0,21.0,0,1,1,0,0,0,6,0,0.3,0.3,1.1,1.5,0.00,0.05,0.05,0.00,0.02,0.05,0.02,0.07,35000,1820000
William Osula,FW,Sheffield Utd,19,21,9,786.0,8.7,0,0,0,0,0,0,4,0,1.6,1.6,0.1,1.7,0.00,0.00,0.00,0.00,0.19,0.01,0.19,0.20,12500,650000
William Saliba,DF,Arsenal,22,38,38,3420.0,38.0,2,1,3,2,0,0,4,0,1.6,1.6,0.2,1.8,0.05,0.03,0.08,0.05,0.04,0.01,0.04,0.05,190000,9880000
Willian,FW,Fulham,34,31,24,2053.0,22.8,4,2,6,2,2,2,1,0,5.1,3.6,3.9,7.5,0.18,0.09,0.26,0.09,0.22,0.17,0.16,0.33,90000,4680000
Willy Boly,DF,Nott'ham Forest,32,20,18,1438.0,16.0,2,1,3,2,0,0,3,1,1.5,1.5,1.3,2.8,0.13,0.06,0.19,0.13,0.09,0.08,0.09,0.18,40000,2080000
Willy Kambwala,DF,Manchester Utd,18,8,3,330.0,3.7,0,0,0,0,0,0,1,0,0.0,0.0,0.0,0.0,0.00,0.00,0.00,0.00,0.00,0.00,0.00,0.00,7500,390000
Wilson Odobert,"MF,FW",Burnley,18,29,25,2098.0,23.3,3,2,5,3,0,0,3,0,2.8,2.8,3.3,6.1,0.13,0.09,0.21,0.13,0.12,0.14,0.12,0.26,10000,520000
Yasser Larouci,DF,Sheffield Utd,22,11,6,531.0,5.9,0,0,0,0,0,0,1,0,0.2,0.2,0.3,0.5,0.00,0.00,0.00,0.00,0.04,0.05,0.04,0.09,10000,520000
Yehor Yarmoliuk,MF,Brentford,19,27,6,688.0,7.6,0,0,0,0,0,0,2,0,1.0,1.0,0.1,1.1,0.00,0.00,0.00,0.00,0.13,0.01,0.13,0.14,,
Yoane Wissa,FW,Brentford,26,34,29,2493.0,27.7,12,3,15,12,0,0,7,0,10.6,10.6,3.9,14.5,0.43,0.11,0.54,0.43,0.38,0.14,0.38,0.52,25000,1300000
Youri Tielemans,"MF,FW",Aston Villa,26,32,17,1622.0,18.0,2,6,8,2,0,0,3,0,1.3,1.3,2.6,3.9,0.11,0.33,0.44,0.11,0.07,0.14,0.07,0.21,150000,7800000
Youssef Chermiti,FW,Everton,19,18,1,208.0,2.3,0,0,0,0,0,0,3,0,0.7,0.7,0.8,1.5,0.00,0.00,0.00,0.00,0.31,0.34,0.31,0.65,30000,1560000
Yves Bissouma,MF,Tottenham,26,28,26,2068.0,23.0,0,0,0,0,0,0,10,2,1.4,1.4,0.4,1.8,0.00,0.00,0.00,0.00,0.06,0.02,0.06,0.08,55000,2860000
Zack Nelson,"MF,DF",Luton Town,18,2,0,7.0,0.1,0,0,0,0,0,0,0,0,0.0,0.0,0.0,0.0,0.00,0.00,0.00,0.00,0.00,0.00,0.00,0.00,,
Zeki Amdouni,FW,Burnley,22,34,27,1953.0,21.7,5,1,6,4,1,1,2,0,5.8,5.0,1.4,6.5,0.23,0.05,0.28,0.18,0.27,0.07,0.23,0.30,30000,1560000
Álex Moreno,DF,Aston Villa,30,21,11,1031.0,11.5,2,0,2,2,0,0,2,0,1.1,1.1,1.1,2.3,0.17,0.00,0.17,0.17,0.10,0.10,0.10,0.20,35000,1820000
Đorđe Petrović,GK,Chelsea,23,23,22,1987.0,22.1,0,0,0,0,0,0,2,0,0.0,0.0,0.0,0.0,0.00,0.00,0.00,0.00,0.00,0.00,0.00,0.00,25000,1300000
Łukasz Fabiański,GK,West Ham,38,10,7,721.0,8.0,0,0,0,0,0,0,0,0,0.0,0.0,0.0,0.0,0.00,0.00,0.00,0.00,0.00,0.00,0.00,0.00,65000,3380000
